GBI_EMGLOBAL_DIV ,20171031
BIG ID,Local ID,Bond Description,Liquidity,Maturity,Mat Sect,Price,Accr Int,Total Rtn,1D Rtn,MTD Rtn,12M Rtn,YTD Rtn,Outs-Loc MM,MVal-Loc MM,MVal-USD MM,MVal-EUR MM,Weight % - Daily Stats,Mac Dur,Mod Dur,Yield,Convexity,Coupon,Issue_Dt,Freq,ISIN,Currency,1D Rtn USD,MTD Rtn USD,12M Rtn USD,YTD Rtn USD,1D Rtn EUR,MTD Rtn EUR,12M Rtn EUR,YTD Rtn EUR,Inclusion(%),Inclusion Direction,Country,Weight % - FOM,Weight % - Daily USD Rtrn,12M USD Rtrn Beta
XID0050,FR69,Indonesia 7.8750%  INDOG  Apr 2019,Traded,15 Apr 2019,'1-3',102.889900,0.389423,138.863790,0.083857,0.438746,8.249838,8.331097,47015133.358596,48556911.476471,3580.233104,3073.293364,0.418134,1.393822,1.354733,5.770600,2.534384,7.875000,29 Aug 2013,2,IDG000010901,IDR,0.231446,-0.253680,4.143328,7.612218,0.042160,1.223314,-2.002733,-2.567503,100.000000,-,ID,0.418134,0.418134,0.237231,
IDSUK0004,EJ8415667,Indonesia 8.2500%  INDOI  Sep 2020,Traded,15 Sep 2020,'1-3',105.750000,1.093923,109.964048,0.242801,1.000803,4.506466,9.440766,29015622.081108,31001428.813316,2285.819636,1962.161154,0.266960,2.592705,2.516899,6.023726,7.960719,8.250000,19 Sep 2013,2,IDP000001604,IDR,0.390625,0.304503,0.541963,8.714523,0.201038,1.789762,-5.391562,-1.569472,100.000000,-,ID,0.266960,0.266960,0.289114,
XID0011,FR31,Indonesia 11.0000%  INDOG  Nov 2020,Traded,15 Nov 2020,'3-5',112.951505,5.111413,399.439440,0.217642,-0.205194,8.692961,9.826268,13406199.960192,15827750.871746,1167.023106,1001.779566,0.136296,2.572072,2.494278,6.237863,8.187384,11.000000,16 Jun 2005,2,IDG000006206,IDR,0.365428,-0.893180,4.569641,9.097467,0.175889,0.574344,-1.601579,-1.222754,100.000000,-,ID,0.136296,0.136296,0.261251,
XID0014,FR34,Indonesia 12.8000%  INDOG  Jun 2021,Traded,15 Jun 2021,'3-5',120.750000,4.896175,414.084934,0.227321,-0.377269,9.121554,10.453621,12129325.721627,15240033.805946,1123.689129,964.581423,0.131235,2.951803,2.861849,6.286473,10.753673,12.800000,26 Jan 2006,2,IDG000006503,IDR,0.375122,-1.064069,4.981975,9.720656,0.185564,0.400925,-1.213579,-0.658515,100.000000,-,ID,0.131235,0.131235,0.281397,
XID0033,FR53,Indonesia 8.2500%  INDOG  Jul 2021,Traded,15 Jul 2021,'3-5',106.049995,2.466033,183.468463,0.112934,-0.346624,8.899972,9.903825,75370537.012966,81789112.753813,6030.533659,5176.645916,0.704304,3.208185,3.108961,6.383066,12.125045,8.250000,08 Jul 2010,2,IDG000009101,IDR,0.260566,-1.033635,4.768799,9.174509,0.071225,0.431810,-1.414174,-1.152999,100.000000,-,ID,0.704304,0.704304,0.334069,
XID0040,FR61,Indonesia 7.0000%  INDOG  May 2022,Traded,15 May 2022,'3-5',102.474995,3.252717,149.551404,0.231331,-0.481323,9.508658,10.680642,70736692.887978,74788287.211722,5514.343758,4733.545438,0.644018,3.851164,3.732532,6.356640,17.383539,7.000000,06 Oct 2011,2,IDG000010000,IDR,0.379138,-1.167405,5.354394,9.946171,0.189573,0.296058,-0.863138,-0.454334,100.000000,-,ID,0.644018,0.644018,0.329043,
XID0044,FR63,Indonesia 5.6250%  INDOG  May 2023,Traded,15 May 2023,'5-7',95.557505,2.613791,133.902047,-0.078586,-0.867346,10.058213,12.448394,26761162.195716,26271779.688202,1937.089747,1662.809345,0.226232,4.685598,4.535999,6.596094,25.238731,5.625000,13 Aug 2012,2,IDG000010208,IDR,0.068763,-1.550768,5.883102,11.702192,-0.120216,-0.092981,-0.365633,1.135574,100.000000,-,ID,0.226232,0.226232,0.341850,
XID0048,FR70,Indonesia 8.3750%  INDOG  Mar 2024,Traded,15 Mar 2024,'5-7',108.358500,1.110497,139.261274,0.120394,-1.193629,9.543653,12.664858,100169315.451784,109654345.164806,8085.113008,6940.309033,0.944257,5.070672,4.905516,6.733465,30.077361,8.375000,29 Aug 2013,2,IDG000012006,IDR,0.268037,-1.874801,5.388062,11.917221,0.078681,-0.421812,-0.831458,1.330262,100.000000,-,ID,0.944257,0.944257,0.395240,
XID0019,FR40,Indonesia 11.0000%  IDGB  Sep 2025,Traded,15 Sep 2025,'7-10',124.875000,1.458564,363.548620,0.222435,-1.124980,8.977574,13.289015,19592469.532538,24751864.945143,1825.022300,1566.609983,0.213144,5.674029,5.486174,6.848307,39.274478,11.000000,21 Sep 2006,2,IDG000007204,IDR,0.370229,-1.806625,4.843457,12.537235,0.180680,-0.352627,-1.343922,1.891625,100.000000,-,ID,0.213144,0.213144,0.371027,
XID0036,FR56,Indonesia 8.3750%  IDGB  Sep 2026,Traded,15 Sep 2026,'7-10',110.000000,1.110497,185.647024,0.291672,-1.686427,9.853871,13.373012,91484957.394714,101649391.058845,7494.885977,6433.654643,0.875325,6.496062,6.281121,6.844022,50.751315,8.375000,23 Sep 2010,2,IDG000009507,IDR,0.439567,-2.364201,5.686511,12.620675,0.249888,-0.918459,-0.550621,1.967172,100.000000,-,ID,0.875325,0.875325,0.470960,
XID0038,FR59,Indonesia 7.0000%  INDOG  May 2027,Traded,15 May 2027,'7-10',101.875000,3.252717,155.609315,0.520178,-1.480078,11.223495,13.757626,76163370.727080,80068813.133656,5903.691291,5067.763673,0.689490,6.922736,6.697570,6.723807,58.405529,7.000000,15 Sep 2011,2,IDG000009804,IDR,0.668411,-2.159275,7.004178,13.002737,0.478299,-0.710499,0.689283,2.313092,100.000000,-,ID,0.689490,0.689490,0.457272,
XID0043,FR64,Indonesia 6.1250%  INDOG  May 2028,Traded,15 May 2028,'10+',93.074995,2.846128,138.995320,0.086227,-1.337852,10.704657,15.817518,22525761.455145,21606963.288417,1593.140150,1367.560969,0.186062,7.575626,7.317167,7.064457,69.845682,6.125000,13 Aug 2012,2,IDG000010307,IDR,0.233820,-2.018030,6.505022,15.048959,0.044529,-0.567162,0.219585,4.165750,100.000000,-,ID,0.186062,0.186062,0.410028,
XID0049,FR71,Indonesia 9.0000%  INDOG  Mar 2029,Traded,15 Mar 2029,'10+',113.283000,1.193370,156.029288,0.238926,-2.238428,10.046978,13.792380,70369500.748129,80556450.160215,5939.646095,5098.627490,0.693689,7.529912,7.266251,7.257141,71.053791,9.000000,12 Sep 2013,2,IDG000011107,IDR,0.386744,-2.912397,5.872293,13.037260,0.197164,-1.474772,-0.375804,2.344350,100.000000,-,ID,0.693689,0.693689,0.405052,
XID0032,FR52,Indonesia 10.5000%  IDGB  Aug 2030,Traded,15 Aug 2030,'10+',126.375000,2.254076,274.661171,0.530701,-1.639498,10.150198,14.842999,17707154.848500,22776549.682912,1679.376935,1441.587137,0.196134,7.801853,7.527652,7.285163,79.393116,10.500000,20 Aug 2009,2,IDG000009002,IDR,0.678949,-2.317596,5.971597,14.080907,0.488818,-0.871163,-0.282360,3.289271,100.000000,-,ID,0.196134,0.196134,0.396284,
XID0051,FR73,Indonesia 8.7500%  INDOG  May 2031,Traded,15 May 2031,'10+',112.500000,4.065897,126.509209,0.777038,-1.965209,10.754203,14.119637,49894241.387367,58159669.894371,4288.270591,3681.076949,0.500825,8.213707,7.925275,7.278781,89.124168,8.750000,06 Aug 2015,2,IDG000011701,IDR,0.925649,-2.641062,6.552689,13.362346,0.735052,-1.199419,0.264439,2.638683,100.000000,-,ID,0.500825,0.500825,0.461526,
XID0034,FR54,Indonesia 9.5000%  INDOG  Jul 2031,Traded,15 Jul 2031,'10+',118.250000,2.839674,211.226536,0.332106,-1.864446,10.711437,14.604273,20416726.288296,24722547.286216,1822.860629,1564.754392,0.212891,8.222380,7.930686,7.356090,89.088580,9.500000,22 Jul 2010,2,IDG000009200,IDR,0.480061,-2.540993,6.511545,13.843766,0.290306,-1.097869,0.225723,3.074563,100.000000,-,ID,0.212891,0.212891,0.417274,
IDSUK0005,IDP000002206,Indonesia 8.8750%  INDOI  Nov 2031,Traded,15 Nov 2031,'10+',112.550000,4.123981,114.150764,0.020675,-0.787832,,14.124474,23949944.152130,27943353.284360,2060.339413,1768.607591,0.240626,8.332624,8.034762,7.414335,92.565887,8.875000,28 Jan 2016,2,IDP000002206,IDR,0.168170,-1.471802,,13.367150,-0.020996,-0.012845,,2.643034,100.000000,-,ID,0.240626,0.240626,,
XID0039,FR58,Indonesia 8.2500%  INDOG  Jun 2032,Traded,15 Jun 2032,'10+',108.125000,3.155738,156.867414,0.699080,-1.065768,10.992123,15.780416,32248119.710898,35885945.510252,2645.968333,2271.314934,0.309022,8.738840,8.429994,7.327303,101.125819,8.250000,21 Jul 2011,2,IDG000009705,IDR,0.847577,-1.747821,6.781583,15.012103,0.657127,-0.292952,0.479825,4.132380,100.000000,-,ID,0.309022,0.309022,0.449992,
XID0053,FR74,Indonesia 7.5000%  INDOG  Aug 2032,Traded,15 Aug 2032,'10+',101.875000,1.610054,103.743375,0.627560,-2.715510,,,29937253.118614,30980582.660044,2284.282592,1960.841746,0.266780,9.098984,8.779302,7.282644,107.463468,7.500000,10 Nov 2016,2,IDG000012204,IDR,0.775951,-3.386190,,,0.585636,-1.955581,,,100.000000,-,ID,0.266780,0.266780,,
XID0045,FR65,Indonesia 6.6250%  INDOG  May 2033,Traded,15 May 2033,'10+',93.375000,3.078465,137.089298,0.929209,-1.120510,11.395266,16.610967,36350905.164093,35061707.471096,2585.195021,2219.146762,0.301924,9.414029,9.080671,7.342160,116.942525,6.625000,30 Aug 2012,2,IDG000010406,IDR,1.078045,-1.802187,7.169433,15.837143,0.887159,-0.348122,0.844785,4.879374,100.000000,-,ID,0.301924,0.301924,0.452548,
XID0047,FR68,Indonesia 8.3750%  INDOG  Mar 2034,Traded,15 Mar 2034,'10+',108.000000,1.110497,156.379749,0.158931,-1.716808,10.236838,13.876706,69623025.872400,75966029.721217,5601.181915,4808.087828,0.654160,9.378586,9.039126,7.510896,117.387040,8.375000,01 Aug 2013,2,IDG000010802,IDR,0.306631,-2.394373,6.054950,13.121027,0.117203,-0.949078,-0.203926,2.420192,100.000000,-,ID,0.654160,0.654160,0.498963,
XID0052,FR72,Indonesia 8.2500%  INDOG  May 2036,Traded,15 May 2036,'10+',108.125000,3.833560,121.953382,0.717354,-1.519488,11.464629,13.865686,66993325.003410,75004761.824300,5530.305019,4747.246680,0.645882,9.789972,9.439266,7.430796,134.573871,8.250000,09 Jul 2015,2,IDG000011602,IDR,0.865877,-2.198414,7.236164,13.110080,0.675392,-0.750217,0.907578,2.410281,100.000000,-,ID,0.645882,0.645882,0.535982,
XID0054,FR75,Indonesia 7.5000%  INDOG  May 2038,Traded,15 May 2038,'10+',101.750000,3.485054,100.737455,0.737455,,,,14430095.468168,15185518.808370,1119.669590,961.131027,0.130766,10.515006,10.143327,7.328542,157.591057,7.500000,10 Aug 2017,2,IDG000012303,IDR,0.886008,,,,0.695486,,,,100.000000,-,ID,0.130766,0.130766,,
XMY0074,MYBMH1500055,Malaysia 3.7590%  MGS  Mar 2019,Traded,15 Mar 2019,'1-3',100.750000,0.494334,105.782128,0.015113,0.173306,2.850866,3.302109,7177.897000,7267.214031,1716.597149,1473.537190,0.200481,1.336771,1.315708,3.201836,2.399977,3.759000,15 Sep 2015,2,MYBMH1500055,MYR,0.109612,-0.086977,1.915527,9.463390,-0.079445,1.392486,-4.099060,-0.891445,100.000000,-,MY,0.200481,0.200481,0.216691,
XMY0070,MYBMJ1400047,Malaysia 3.6540%  MGS  Oct 2019,Traded,31 Oct 2019,'1-3',100.675000,0.020022,114.278693,0.109371,0.240562,2.864650,3.610078,11800.000000,11882.012586,2806.664128,2409.257160,0.327789,1.937368,1.905905,3.301687,4.626779,3.654000,30 Apr 2014,2,MYBMJ1400047,MYR,0.203959,-0.019895,1.929185,9.789727,0.014724,1.460561,-4.086207,-0.595978,100.000000,-,MY,0.327789,0.327789,0.238794,
XMY0043,MYBMO0900021,Malaysia 4.3780%  MYGB  Nov 2019,Traded,29 Nov 2019,'1-3',102.100000,1.883140,144.214970,0.078916,0.250460,2.986532,3.636632,17119.000000,17800.873690,4204.765251,3609.395468,0.491073,1.970612,1.938511,3.311920,4.851741,4.378000,29 May 2009,2,MYBMO0900021,MYR,0.173475,-0.010023,2.049959,9.817864,-0.015702,1.470579,-3.972561,-0.570503,100.000000,-,MY,0.491073,0.491073,0.239743,
XMY0060,MYBML1200062,Malaysia 3.4920%  MGS  Mar 2020,Traded,31 Mar 2020,'1-3',100.155000,0.315715,118.547695,0.039397,0.091268,2.866005,3.683830,11000.000000,11051.778658,2610.553598,2240.914716,0.304886,2.323923,2.284836,3.421377,6.459147,3.492000,28 Sep 2012,2,MYBML1200062,MYR,0.133919,-0.168802,1.930528,9.867878,-0.055183,1.309449,-4.084944,-0.525221,100.000000,-,MY,0.304886,0.304886,0.241871,
MYSUK0026,MYBGH1600048,Malaysia 3.2260%  MGII  Apr 2020,Traded,15 Apr 2020,'1-3',99.400000,0.159090,101.475769,0.109440,0.335455,,,7000.000000,6969.136329,1646.187866,1413.097442,0.192258,2.370849,2.330289,3.481119,6.683239,3.226000,07 Oct 2016,2,MYBGH1600048,MYR,0.204028,0.074751,,,0.014793,1.556608,,,100.000000,-,MY,0.192258,0.192258,,
XMY0072,MYBMJ1500036,Malaysia 3.6590%  MGS  Oct 2020,Traded,15 Oct 2020,'1-3',100.530000,0.180444,109.672111,0.039758,0.085304,2.952105,3.890697,11742.134000,11825.555267,2793.328279,2397.809587,0.326232,2.818282,2.770289,3.464849,9.252337,3.659000,15 Apr 2015,2,MYBMJ1500036,MYR,0.134280,-0.174750,2.015845,10.087084,-0.054823,1.303412,-4.004662,-0.326751,100.000000,-,MY,0.326232,0.326232,0.253946,
XMY0050,MYBMO1100019,Malaysia 4.1600%  MGS  Jul 2021,Traded,15 Jul 2021,'3-5',101.850000,1.253699,131.716535,0.011055,-0.143419,2.500704,3.770646,13500.000000,13918.999315,3287.823152,2822.286924,0.383984,3.431803,3.370846,3.616752,13.607625,4.160000,14 Jan 2011,2,MYBMO1100019,MYR,0.105550,-0.402878,1.568549,9.959872,-0.083498,1.071906,-4.425560,-0.441929,100.000000,-,MY,0.383984,0.383984,0.265855,
XMY0076,MYBMJ1600042,Malaysia 3.6200%  MGS  Nov 2021,Traded,30 Nov 2021,'3-5',99.600000,1.537260,101.763241,0.009807,-0.347096,1.775471,2.920261,7000.000000,7079.608219,1672.282560,1435.497283,0.195305,3.769150,3.700284,3.722223,16.267088,3.620000,31 May 2016,2,MYBMJ1600042,MYR,0.104301,-0.606026,0.849912,9.058767,-0.084745,0.865750,-5.101787,-1.257792,100.000000,-,MY,0.195305,0.195305,0.258456,
XMY0055,MYBMO1200017,Malaysia 3.4180%  MGS  Aug 2022,Traded,15 Aug 2022,'3-5',98.250000,0.739786,119.906172,0.009461,-0.446947,2.171425,4.582484,10500.000000,10393.927562,2455.161819,2107.525490,0.286737,4.421650,4.338818,3.818181,21.957020,3.418000,14 Feb 2012,2,MYBMO1200017,MYR,0.103954,-0.705618,1.242264,10.820131,-0.085091,0.764684,-4.732589,0.336953,100.000000,-,MY,0.286737,0.286737,0.286237,
XMY0063,MYBMN1300033,Malaysia 3.4800%  MGS  Mar 2023,Traded,15 Mar 2023,'5-7',97.750000,0.457644,114.840059,-0.092032,-0.672404,1.831391,4.876774,11420.000000,11215.312926,2649.182219,2274.073754,0.309397,4.911338,4.816233,3.949372,26.908407,3.480000,15 Mar 2013,2,MYBMN1300033,MYR,0.002365,-0.930489,0.905323,11.131973,-0.186488,0.536483,-5.049646,0.619295,100.000000,-,MY,0.309397,0.309397,0.318853,
MYSUK0024,JV4751766,Malaysia 4.3900%  MGII  Jul 2023,Traded,07 Jul 2023,'5-7',101.900000,1.419233,101.693414,0.254254,0.203397,1.663858,3.858242,10500.000000,10848.519452,2562.541503,2199.700848,0.299278,5.028103,4.929300,4.008801,28.753711,4.390000,07 Jan 2016,2,MYBGL1600016,MYR,0.348979,-0.056964,0.739314,10.052693,0.159471,1.422943,-5.205858,-0.357889,100.000000,-,MY,0.299278,0.299278,0.301224,
XMY0075,MYBML1600014,Malaysia 3.8000%  MGS  Aug 2023,Traded,17 Aug 2023,'5-7',99.050000,0.801644,104.708020,-0.089642,-0.585101,1.222463,3.927047,10000.000000,9985.164384,2358.607390,2024.642594,0.275461,5.210731,5.109009,3.982044,30.465835,3.800000,17 Feb 2016,2,MYBML1600014,MYR,0.004758,-0.843413,0.301933,10.125601,-0.184100,0.624849,-5.617426,-0.291877,100.000000,-,MY,0.275461,0.275461,0.296524,
XMY0067,MYBMO1400013,Malaysia 4.1810%  MGS  Jul 2024,Traded,15 Jul 2024,'5-7',100.850000,1.260027,118.087417,0.011219,-0.778686,1.817997,5.012403,11020.000000,11252.525019,2657.972132,2281.619067,0.310424,5.848151,5.732629,4.030322,38.745468,4.181000,10 Jan 2014,2,MYBMO1400013,MYR,0.105714,-1.036495,0.892051,11.275691,-0.083335,0.428908,-5.062135,0.749419,100.000000,-,MY,0.310424,0.310424,0.317516,
XMY0079,MYBML1700020,Malaysia 4.0590%  MGS  Sep 2024,Traded,30 Sep 2024,'5-7',100.730000,0.366978,100.834486,0.338562,-0.272836,,,11000.000000,11120.667589,2626.825933,2254.882985,0.306786,6.076510,5.959302,3.933636,41.441665,4.059000,31 Mar 2017,2,MYBML1700020,MYR,0.433366,-0.531959,,,0.243698,0.940914,,,100.000000,-,MY,0.306786,0.306786,,
XMY0071,MYBMO1500010,Malaysia 3.9550%  MGS  Sep 2025,Traded,15 Sep 2025,'7-10',98.800000,0.520110,108.853821,-0.089694,-1.070702,1.273341,5.049600,13672.200000,13579.244023,3207.569156,2753.396417,0.374611,6.794224,6.656701,4.131863,51.908989,3.955000,13 Mar 2015,2,MYBMO1500010,MYR,0.004705,-1.327752,0.352348,11.315107,-0.184153,0.133337,-5.569987,0.785105,100.000000,-,MY,0.374611,0.374611,0.347913,
XMY0077,MYBMO1600034,Malaysia 3.9000%  MGS  Nov 2026,Traded,30 Nov 2026,'7-10',98.250000,1.656164,99.659423,-0.039337,-1.215647,-0.110272,3.964590,9000.000000,8991.554795,2123.905703,1823.173272,0.248050,7.591030,7.437465,4.129484,65.898596,3.900000,24 May 2016,2,MYBMO1600034,MYR,0.055111,-1.472321,-1.018682,10.165383,-0.133843,-0.013372,-6.860105,-0.255858,100.000000,-,MY,0.248050,0.248050,0.364630,
XMY0080,MYBMO1700040,Malaysia 3.8990%  MGS  Nov 2027,Traded,16 Nov 2027,'10+',99.850000,1.815973,100.423644,0.979022,0.365282,,,8000.000000,8133.277808,1921.171090,1649.144675,0.224373,8.254168,8.095775,3.912983,78.548514,3.899000,16 May 2017,2,MYBMO1700040,MYR,1.074431,0.104500,,,0.883553,1.586798,,,100.000000,-,MY,0.224373,0.224373,,
XMY0053,MYBMX1100044,Malaysia 4.2320%  MGS  Jun 2031,Traded,30 Jun 2031,'10+',97.450000,1.449315,103.412949,0.011725,-0.806805,-0.325646,5.790383,12750.000000,12609.662671,2978.543208,2556.799183,0.347863,10.317050,10.091027,4.479696,126.804380,4.232000,30 Jun 2011,2,MYBMX1100044,MYR,0.106220,-1.064541,-1.232097,12.100073,-0.082829,0.400446,-7.060926,1.495817,100.000000,-,MY,0.347863,0.347863,0.482345,
XMY0078,MYBMY1500043,Malaysia 4.2540%  MGS  May 2035,Traded,31 May 2035,'10+',95.500000,1.806493,98.352316,0.011979,-1.669939,0.437439,4.323110,7161.000000,6968.117975,1645.947319,1412.890956,0.192230,12.193960,11.918205,4.627458,184.884677,4.254000,22 May 2015,2,MYBMY1500043,MYR,0.106475,-1.925433,-0.475952,10.545286,-0.082576,-0.473193,-6.349404,0.088108,100.000000,-,MY,0.192230,0.192230,0.445511,
XPX0001,US718286BJ59,Philippines 4.9500% PHILI Jan 2021,Traded,15 Jan 2021,'3-5',103.125000,1.485000,140.015242,0.013146,0.421181,5.026237,7.230159,44109.000000,46142.424900,893.799998,767.243228,0.104387,2.961352,2.904756,3.896797,10.309290,4.950000,17 Sep 2010,2,US718286BJ59,PXP,0.013146,-1.184585,-1.488950,3.257710,-0.175728,0.278625,-7.302620,-6.510091,100.000000,-,PH,0.104387,0.104387,0.163511,
XPX0003,US718286BX44,Philippines Global 3.9000%  PHILI  Nov 2022,Traded,26 Nov 2022,'5-7',99.387500,1.700833,117.678781,0.010718,0.503737,5.017532,8.336418,30800.000000,31135.206667,603.103277,517.707435,0.070436,4.564508,4.474283,4.033029,23.677264,3.900000,26 Nov 2012,2,US718286BX44,PXP,0.010718,-1.103350,-1.497115,4.322987,-0.178152,0.361063,-7.310303,-5.545585,100.000000,-,PH,0.070436,0.070436,0.167154,
XPX0002,US718286BM88,Philippines Global 6.2500%  PHILI,Traded,14 Jan 2036,'10+',112.785000,1.892361,178.767319,0.015141,0.342099,3.031699,11.303650,54770.000000,62808.790681,1216.635171,1044.366857,0.142090,11.372229,11.086483,5.154867,168.631307,6.250000,14 Jan 2011,2,US718286BM88,PXP,0.015141,-1.262403,-3.359759,7.180295,-0.173737,0.199654,-9.063023,-2.958568,100.000000,-,PH,0.142090,0.142090,0.247603,
XTH0063,LB193A,Thailand 3.4500%  THAIG  Mar 2019,Traded,08 Mar 2019,'1-3',102.721800,0.519863,123.873716,0.003828,0.115553,1.991507,1.791598,54682.000000,56454.606169,1698.904790,1458.349963,0.198414,1.319949,1.310656,1.418057,2.388564,3.450000,04 Nov 2011,2,TH062303T302,THB,0.033923,0.361097,7.453255,9.602871,-0.154991,1.847194,1.111858,-0.765159,100.000000,-,TH,0.198414,0.198414,0.257127,
XTH0052,LB196A,Thailand 3.8750%  THGB  Jun 2019,Traded,13 Jun 2019,'1-3',103.893100,1.507534,144.862241,-0.003874,0.108174,2.038678,1.970748,240085.000000,253051.112731,7615.140317,6536.881683,0.889369,1.557256,1.546216,1.428002,3.218877,3.875000,29 May 2009,2,TH062303T609,THB,0.026218,0.353700,7.502952,9.795768,-0.162681,1.839688,1.158621,-0.590509,100.000000,-,TH,0.889369,0.889369,0.259023,
XTH0066,LB206A,Thailand 2.5500%  THAIG  Jun 2020,Traded,26 Jun 2020,'1-3',102.675195,0.901233,106.404312,0.040650,0.117432,2.397023,2.650186,188118.002000,194845.906665,5863.554218,5033.309771,0.684802,2.556511,2.537281,1.515825,7.854243,2.550000,26 Jun 2015,2,TH062303U607,THB,0.070755,0.362980,7.880487,10.527344,-0.118228,1.849105,1.513876,0.071863,100.000000,-,TH,0.684802,0.684802,0.269427,
XTH0060,LB21DA,Thailand 3.6500%  THAIG  Dec 2021,Traded,17 Dec 2021,'3-5',107.851300,1.380000,137.143345,0.042543,-0.037887,2.754304,3.696106,306103.510000,334360.843319,10062.017554,8637.295638,1.175139,3.828444,3.796696,1.672421,17.038554,3.650000,19 Nov 2010,2,TH0623031C01,THB,0.072649,0.207281,8.256901,11.653526,-0.116338,1.691100,1.868075,1.091512,100.000000,-,TH,1.175139,1.175139,0.298612,
XTH0067,LB226A,Thailand 1.8750%  THAIG  Jun 2022,Traded,17 Jun 2022,'3-5',100.239505,0.708904,102.254165,0.073494,-0.199496,2.596638,3.859196,202592.000000,204513.400983,6154.480920,5283.042981,0.718779,4.419645,4.379787,1.820047,21.949427,1.875000,15 Jul 2016,2,TH0623032602,THB,0.103610,0.045275,8.090792,11.829131,-0.085435,1.526696,1.711770,1.250506,100.000000,-,TH,0.718779,0.718779,0.311576,
XTH0071,LB22DA,Thailand 2.0000%  THAIG  Dec 2022,Traded,17 Dec 2022,'5-7',100.675800,0.493151,99.915819,0.061202,-0.256353,,,50000.000000,50584.475342,1522.253245,1306.711228,0.177783,4.872173,4.827251,1.861178,26.482637,2.000000,04 Aug 2017,2,TH0623032C00,THB,0.091314,-0.011722,,,-0.097708,1.468855,,,100.000000,-,TH,0.177783,0.177783,,
XTH0058,LB236A,Thailand 3.6250%  THAIG  Jun 2023,Traded,16 Jun 2023,'5-7',109.023520,1.380479,133.841849,0.064134,-0.206499,2.580830,4.926447,197850.000000,218434.312916,6573.406949,5642.651572,0.767706,5.096344,5.047789,1.923810,29.699911,3.625000,16 Aug 2010,2,TH0623033600,THB,0.094247,0.038255,8.074136,12.978281,-0.094780,1.519572,1.696097,2.290950,100.000000,-,TH,0.767706,0.767706,0.309125,
XTH0061,LB25DA,Thailand 3.8500%  THAIG  Dec 2025,Traded,12 Dec 2025,'7-10',111.776510,1.508356,142.982946,0.179851,-0.328337,1.498537,5.031189,205270.803000,232540.754453,6997.916174,6007.052812,0.817284,7.018119,6.939940,2.252997,56.388798,3.850000,26 Nov 2010,2,TH0623035C07,THB,0.209998,-0.083882,6.933886,13.091061,0.020752,1.395626,0.623139,2.393061,100.000000,-,TH,0.817284,0.817284,0.353602,
XTH0069,LB26DA,Thailand 2.1250%  THAIG  Dec 2026,Traded,17 Dec 2026,'7-10',98.360300,0.803425,105.933843,0.123910,-0.093739,,4.991742,148582.000000,147339.445371,4433.928540,3806.110597,0.517837,8.266652,8.171661,2.324892,75.349126,2.125000,15 Aug 2016,2,TH0623036C06,THB,0.154041,0.151291,,13.048586,-0.035099,1.634282,,2.354605,100.000000,-,TH,0.517837,0.517837,,
XTH0055,LB296A,Thailand 4.8750%  THGB  Jun 2029,Traded,22 Jun 2029,'10+',123.198210,1.776370,135.847843,0.065477,0.021797,0.827467,7.508558,223252.000000,279008.249036,8396.275926,7207.413131,0.980598,9.186538,9.070548,2.557500,100.069334,4.875000,20 Nov 2009,2,TH0623039607,THB,0.095590,0.267111,6.226880,15.758538,-0.093440,1.751816,-0.042143,4.808205,100.000000,-,TH,0.980598,0.980598,0.362935,
XTH0070,LB316A,Thailand 3.6500%  THAIG  Jun 2031,Traded,20 Jun 2031,'10+',110.466450,1.350000,103.902986,0.222896,-0.132836,,,151178.000000,169041.872781,5087.025964,4366.733305,0.594112,10.887118,10.740761,2.725247,138.555747,3.650000,12 Nov 2010,2,TH0623A3B608,THB,0.253056,0.112099,,,0.063729,1.594509,,,100.000000,-,TH,0.594112,0.594112,,
XTH0068,LB366A,Thailand 3.4000%  THAIG  Jun 2036,Traded,17 Jun 2036,'10+',108.276300,1.285479,100.020072,0.118260,-0.072097,-0.166974,9.997465,112890.000000,123684.292823,3722.067193,3195.044588,0.434699,13.995228,13.800294,2.825071,235.049278,3.400000,20 Nov 2015,2,TH062303G606,THB,0.148389,0.172986,5.179186,18.438438,-0.040740,1.656298,-1.028007,7.234596,100.000000,-,TH,0.434699,0.434699,0.374116,
XCZ0030,CZ0001003834,Czech 1.5000%  CZGB  Oct 2019,Traded,29 Oct 2019,'1-3',102.429000,0.012500,108.669164,0.018225,-0.746201,-1.967562,-2.364199,80624.570000,82593.018877,3749.600783,3218.679585,0.437914,1.973765,1.968337,0.275750,5.851580,1.500000,14 Jan 2013,1,CZ0001003834,CZK,0.207344,-0.932974,9.720414,13.552097,0.018104,0.533961,3.245219,2.810485,100.000000,IN,CZ,0.437914,0.437914,0.612165,
XCZ0039,CZ0001005011,Czech 0.0000%  CZGB  Feb 2020,Traded,10 Feb 2020,'1-3',99.146000,0,98.649792,0.021185,-1.051896,,,40253.880000,39910.111865,1811.859994,1555.311382,0.211606,2.272429,2.263875,0.377879,7.380451,0,10 Feb 2017,1,CZ0001005011,CZK,0.210310,-1.238094,,,0.021064,0.224324,,,100.000000,IN,CZ,0.211606,0.211606,,
XCZ0017,CZ0001001317,Czech 3.7500%  CZGB  Sep 2020,Traded,12 Sep 2020,'1-3',109.242000,0.520833,171.487886,0.106175,-1.187339,-2.430290,-2.904546,74318.340000,81573.915670,3703.335006,3178.964767,0.432511,2.757899,2.744515,0.487659,10.421274,3.750000,12 Sep 2005,1,CZ0001001317,CZK,0.295460,-1.373281,9.202517,12.923664,0.106053,0.087134,2.757886,2.241500,100.000000,IN,CZ,0.432511,0.432511,0.618819,
XCZ0029,CZ0001002851,Czech 3.8500%  CZGB  Sep 2021,Traded,29 Sep 2021,'3-5',112.530000,0.352917,140.868096,0.142558,-1.749336,-3.131328,-3.390387,73335.000000,82782.686937,3758.211432,3226.071017,0.438920,3.703575,3.681615,0.596481,17.641296,3.850000,29 Nov 2010,1,CZ0001002851,CZK,0.331912,-1.934221,8.417897,12.358623,0.142436,-0.482112,2.019571,1.729909,100.000000,IN,CZ,0.438920,0.438920,0.617080,
XCZ0024,CZ0001001945,Czech 4.7000%  CZGB  Sep 2022,Traded,12 Sep 2022,'3-5',119.147000,0.652778,183.610428,0.171877,-2.041265,-3.602883,-3.768403,60618.310000,72620.600673,3296.867760,2830.050869,0.385040,4.472392,4.442121,0.681444,25.145113,4.700000,18 Jun 2007,1,CZ0001001945,CZK,0.361287,-2.225601,7.890120,11.918984,0.171756,-0.777806,1.522940,1.331858,100.000000,IN,CZ,0.385040,0.385040,0.637867,
XCZ0040,CZ0001004600,Czech 0.4500%  CZGB  Oct 2023,Traded,25 Oct 2023,'5-7',97.173500,0.008750,96.013939,0.226634,-2.589810,,,35929.100000,34916.707785,1585.166841,1360.716633,0.185131,5.909623,5.854697,0.938164,40.317741,0.450000,25 Sep 2015,1,CZ0001004600,CZK,0.416147,-2.773114,,,0.226512,-1.333426,,,100.000000,IN,CZ,0.185131,0.185131,,
XCZ0026,CZ0001002547,Czech 5.7000%  CZGB  May 2024,Traded,25 May 2024,'5-7',130.387000,2.485833,190.179600,0.218227,-2.322490,-4.322086,-4.364611,74702.650000,99259.527630,4506.235606,3868.179412,0.526281,5.676078,5.624978,0.908452,40.221500,5.700000,25 May 2009,1,CZ0001002547,CZK,0.407725,-2.506296,7.085170,11.225584,0.218105,-1.062658,0.765495,0.704052,100.000000,IN,CZ,0.526281,0.526281,0.654626,
XCZ0034,CZ0001004253,Czech 2.4000%  CZGB  Sep 2025,Traded,17 Sep 2025,'7-10',108.679500,0.300000,108.782047,0.278502,-2.756495,-5.714345,-5.878790,62805.140000,68444.727546,3107.289302,2667.315595,0.362899,7.278548,7.189712,1.235599,61.370368,2.400000,17 Mar 2014,1,CZ0001004253,CZK,0.468113,-2.939484,5.526918,9.464567,0.278380,-1.502260,-0.700796,-0.890380,100.000000,IN,CZ,0.362899,0.362899,0.674794,
XCZ0036,CZ0001004469,Czech 1.0000%  CZGB  Jun 2026,Traded,26 Jun 2026,'7-10',96.929000,0.350000,93.116001,0.316874,-2.594318,-6.972440,-7.299895,47174.680000,45891.056957,2083.386047,1788.390958,0.243318,8.291412,8.178665,1.378548,76.807654,1.000000,26 Jun 2015,1,CZ0001004469,CZK,0.506558,-2.777613,4.118826,7.811799,0.316752,-1.337993,-2.025789,-2.386802,100.000000,IN,CZ,0.243318,0.243318,0.667880,
XCZ0032,CZ0001003859,Czech 2.5000%  CZGB  Aug 2028,Traded,25 Aug 2028,'10+',108.629500,0.465278,117.956377,0.367490,-3.027630,-8.695405,-8.509230,64398.560000,70255.465924,3189.494144,2737.880719,0.372500,9.625471,9.471800,1.622404,105.812338,2.500000,25 Feb 2013,1,CZ0001003859,CZK,0.557270,-3.210110,2.190440,6.405321,0.367368,-1.776893,-3.840371,-3.660232,100.000000,IN,CZ,0.372500,0.372500,0.692685,
XCZ0038,CZ0001004477,Czech 0.9500%  CZGB  May 2030,Traded,15 May 2030,'10+',90.611500,0.440694,94.681324,0.448603,-3.028332,,,40544.090000,36916.283663,1675.944626,1438.640822,0.195733,11.776623,11.569279,1.792195,150.834417,0.950000,15 May 2015,1,CZ0001004477,CZK,0.638536,-3.210810,,,0.448481,-1.777604,,,100.000000,IN,CZ,0.195733,0.195733,,
XHU0053,HU0000402631,Hungary 5.5000%  HGB  Dec 2018,Traded,20 Dec 2018,'1-3',106.209400,4.791781,129.196112,-0.000073,0.024396,1.655332,0.594609,285960.410000,317419.431783,1187.220958,1019.117522,0.138655,1.079130,1.079141,-0.000986,2.290790,5.500000,16 Jan 2013,1,HU0000402631,HUF,0.002582,-1.689832,6.856737,10.177275,-0.186272,-0.234104,0.550543,-0.245091,100.000000,-,HU,0.138655,0.138655,0.717148,
XHU0046,HU0000402433,Hungary 6.5000%  HGB  Jun 2019,Traded,24 Jun 2019,'1-3',110.597550,2.350685,230.351783,0.000096,0.004077,2.720116,1.739150,729976.480000,824495.549575,3083.801110,2647.153191,0.360156,1.580382,1.579924,0.028986,4.129820,6.500000,06 Feb 2008,1,HU0000402433,HUF,0.002751,-1.709803,7.976003,11.430845,-0.186103,-0.254370,1.603755,0.889896,100.000000,-,HU,0.360156,0.360156,0.731677,
XHU0060,HU0000403092,Hungary 2.0000%  HGB  Oct 2019,Traded,30 Oct 2019,'1-3',103.875750,0.021918,106.173607,0.000076,-0.016672,3.348563,2.184076,323398.300000,336003.291431,1256.728825,1078.783488,0.146773,1.969125,1.968141,0.049989,5.859587,2.000000,13 Jan 2016,1,HU0000403092,HUF,0.002732,-1.730196,8.636605,11.918155,-0.186122,-0.275066,2.225371,1.331107,100.000000,-,HU,0.146773,0.146773,0.741350,
XHU0056,HU0000402953,Hungary 3.5000%  HGB  Jun 2020,Traded,24 Jun 2020,'1-3',108.340050,1.265753,111.916429,0.000857,0.053274,4.192186,2.974595,884789.000000,969780.092063,3627.198383,3113.608638,0.423619,2.542461,2.534359,0.319677,9.098361,3.500000,24 Sep 2014,1,HU0000402953,HUF,0.003512,-1.661449,9.523394,12.783979,-0.185344,-0.205300,3.059826,2.115028,100.000000,-,HU,0.423619,0.423619,0.761330,
XHU0062,HU0000403258,Hungary 1.0000%  HGB  Sep 2020,Traded,23 Sep 2020,'1-3',101.435500,0.112329,101.010104,0.001369,0.062701,,,418349.620000,424824.955766,1588.942076,1363.957316,0.185572,2.857797,2.843650,0.497507,10.963413,1.000000,11 Jan 2017,1,HU0000403258,HUF,0.004024,-1.652183,,,-0.184833,-0.195898,,,100.000000,-,HU,0.185572,0.185572,,
XHU0032,HU0000402235,Hungary 7.5000%  T-Bon  Nov 2020,Traded,12 Nov 2020,'3-5',120.654150,7.315068,306.712828,0.001600,0.099370,3.978014,2.750007,816411.480000,1044755.390644,3907.623073,3354.326858,0.456370,2.674527,2.658854,0.589461,10.400245,7.500000,11 Feb 2004,1,HU0000402235,HUF,0.004256,-1.616143,9.298263,12.537997,-0.184601,-0.159324,2.847982,1.892315,100.000000,-,HU,0.456370,0.456370,0.771099,
XHU0059,HU0000403100,Hungary 2.5000%  HGB  Oct 2021,Traded,27 Oct 2021,'3-5',106.281650,0.047945,108.288628,0.002492,0.180105,5.394572,4.276293,651806.360000,693063.064112,2592.213684,2225.171625,0.302744,3.841526,3.807777,0.886310,18.573120,2.500000,13 Jan 2016,1,HU0000403100,HUF,0.005147,-1.536791,10.787303,14.209677,-0.183712,-0.078797,4.249145,3.405860,100.000000,-,HU,0.302744,0.302744,0.817121,
XHU0050,HU0000402524,Hungary 7.0000%  HGB  Jun 2022,Traded,24 Jun 2022,'3-5',126.639300,2.531507,190.383730,-0.078340,0.340412,5.841979,4.618956,971345.450000,1254694.755059,4692.844103,4028.365254,0.548075,4.106078,4.062275,1.078290,21.811518,7.000000,19 Jan 2011,1,HU0000402524,HUF,-0.075687,-1.379232,11.257603,14.584982,-0.264393,0.081095,4.691690,3.745663,100.000000,-,HU,0.548075,0.548075,0.824237,
XHU0063,HU0000403266,Hungary 1.7500%  HGB  Oct 2022,Traded,26 Oct 2022,'3-5',102.549600,0.038356,103.621149,-0.091793,0.128202,,,516228.550000,529588.318582,1980.780909,1700.314099,0.231335,4.811918,4.754001,1.218279,27.757072,1.750000,11 Jan 2017,1,HU0000403266,HUF,-0.089140,-1.587805,,,-0.277821,-0.130566,,,100.000000,-,HU,0.231335,0.231335,,
XHU0044,HU0000402383,Hungary 6.0000%  HGB  Nov 2023,Traded,24 Nov 2023,'5-7',126.649850,5.654795,244.020490,-0.097341,0.668504,7.391988,6.465830,997857.120000,1320211.315439,4937.890958,4238.714931,0.576694,5.128840,5.058914,1.382227,33.686383,6.000000,10 Jan 2007,1,HU0000402383,HUF,-0.094688,-1.056762,12.886920,16.607790,-0.283358,0.408340,6.224853,5.577121,100.000000,-,HU,0.576694,0.576694,0.853089,
XHU0058,HU0000403068,Hungary 3.0000%  HGB  Jun 2024,Traded,26 Jun 2024,'5-7',107.653300,1.068493,114.483601,-0.114869,0.861553,7.820688,7.498220,803593.670000,873681.447669,3267.767569,2805.071092,0.381641,6.090341,5.984624,1.766474,43.734236,3.000000,18 Mar 2015,1,HU0000403068,HUF,-0.112216,-0.867022,13.337556,17.738526,-0.300853,0.600890,6.648893,6.600893,100.000000,-,HU,0.381641,0.381641,0.903995,
XHU0055,HU0000402748,Hungary 5.5000%  HGB  Jun 2025,Traded,24 Jun 2025,'7-10',123.664750,1.989041,135.630790,-0.121045,0.848881,6.892125,7.025461,1136998.170000,1428681.305296,5343.593421,4586.972335,0.624076,6.483103,6.349177,2.109341,50.852936,5.500000,15 Jan 2014,1,HU0000402748,HUF,-0.118392,-0.879477,12.361481,17.220732,-0.307018,0.588251,5.730422,6.132080,100.000000,-,HU,0.624076,0.624076,0.914016,
XHU0061,HU0000403118,Hungary 3.0000%  HGB  Oct 2027,Traded,27 Oct 2027,'7-10',104.619700,0.057534,108.559535,-0.079210,1.301413,,8.452142,571222.040000,597939.432879,2236.429642,1919.764489,0.261192,8.812334,8.599876,2.470476,88.202930,3.000000,13 Jan 2016,1,HU0000403118,HUF,-0.076557,-0.434700,,18.783319,-0.265262,1.039613,,7.546852,100.000000,-,HU,0.261192,0.261192,,
XPL0089,PL0000109633,Poland 0.0000%  POLGB  Apr 2019,Traded,25 Apr 2019,'1-3',98.020000,0,102.237288,-0.005101,0.548802,,,15720.239473,15408.978731,4234.573761,3634.983271,0.494554,1.472984,1.453134,1.366032,3.545119,0,19 Dec 2016,1,PL0000109633,PLN,0.260079,0.689726,,,0.070739,2.180689,,,100.000000,-,PL,0.494554,0.494554,,
XPL0079,PL0000108148,Poland 3.2500%  POLGB  Jul 2019,Traded,25 Jul 2019,'1-3',103.010000,0.899315,114.311306,-0.025108,0.503952,2.809183,3.251692,17238.971174,17912.896871,4922.680757,4225.658403,0.574918,1.691855,1.667417,1.465622,4.452723,3.250000,12 May 2014,1,PL0000108148,PLN,0.240019,0.644813,11.200385,18.444986,0.050717,2.135111,4.637849,7.240525,100.000000,-,PL,0.574918,0.574918,0.807322,
XPL0059,LPL0059,Poland 5.5000%  POLGB  Oct 2019,Traded,25 Oct 2019,'1-3',107.530000,0.135616,173.666425,-0.004580,0.405185,2.784130,3.328243,14092.532811,15172.812323,4169.672375,3579.271536,0.486974,1.924394,1.894151,1.596680,5.498433,5.500000,25 Oct 2008,1,PL0000105441,PLN,0.260601,0.545907,11.173288,18.532801,0.071260,2.034741,4.612351,7.320033,100.000000,-,PL,0.486974,0.486974,0.811264,
XPL0081,PL0000108510,Poland 1.5000%  POLGB  Apr 2020,Traded,25 Apr 2020,'1-3',99.125000,0.789041,106.497819,-0.020904,0.459896,2.947698,3.704682,22366.926123,22347.699759,6141.418239,5271.829897,0.717254,2.429650,2.385340,1.857587,8.100380,1.500000,26 Jan 2015,1,PL0000108510,PLN,0.244234,0.600695,11.350206,18.964633,0.054924,2.090340,4.778828,7.711015,100.000000,-,PL,0.717254,0.717254,0.837393,
XPL0064,PL0000106126,Poland 5.2500%  POLGB  Oct 2020,Traded,25 Oct 2020,'1-3',109.170000,0.129452,162.868569,-0.005138,0.429855,2.942405,3.788876,13584.127678,14847.377119,4080.238844,3502.501261,0.476529,2.834660,2.778043,2.038045,10.645553,5.250000,16 Apr 2010,1,PL0000106126,PLN,0.260042,0.570611,11.344481,19.061215,0.070701,2.059811,4.773441,7.798461,100.000000,-,PL,0.476529,0.476529,0.856634,
XPL0083,PL0000108916,Poland 2.0000%  POLGB  Apr 2021,Traded,25 Apr 2021,'3-5',99.085000,1.052055,105.010562,-0.019490,0.350609,2.806924,4.042865,20194.333353,20222.010655,5557.253158,4770.379122,0.649029,3.357267,3.282698,2.271581,14.233473,2.000000,12 Oct 2015,1,PL0000108916,PLN,0.245652,0.491255,11.197942,19.352579,0.056339,1.979279,4.635550,8.062263,100.000000,-,PL,0.649029,0.649029,0.874010,
XPL0086,PL0000109153,Poland 1.7500%  POLGB  Jul 2021,Traded,25 Jul 2021,'3-5',97.845000,0.484247,102.411982,-0.020545,0.309746,2.944112,4.092353,22754.101020,22373.936098,6148.628302,5278.019059,0.718096,3.619899,3.536553,2.356722,16.181981,1.750000,29 Mar 2016,1,PL0000109153,PLN,0.244595,0.450334,11.346327,19.409349,0.055283,1.937753,4.775178,8.113662,100.000000,-,PL,0.718096,0.718096,0.884239,
XPL0069,PL0000106670,Poland 5.7500%  POLGB  Oct 2021,Traded,25 Oct 2021,'3-5',112.510000,0.141781,152.052902,-0.003770,0.315486,2.754468,3.971685,12193.955414,13736.707927,3775.013514,3240.494025,0.440882,3.680424,3.593816,2.409916,17.000065,5.750000,25 Jul 2011,1,PL0000106670,PLN,0.261414,0.456082,11.141205,19.270925,0.072071,1.943586,4.582161,7.988332,100.000000,-,PL,0.440882,0.440882,0.883098,
XPL0088,PL0000109492,Poland 2.2500%  POLGB  Apr 2022,Traded,25 Apr 2022,'3-5',98.440000,1.183562,103.759943,0.026270,0.288004,,4.241536,21636.073021,21554.626544,5923.472125,5084.743659,0.691800,4.256534,4.147836,2.620602,21.824988,2.250000,25 Oct 2016,1,PL0000109492,PLN,0.291533,0.428562,,19.580484,0.102134,1.915658,,8.268609,100.000000,-,PL,0.691800,0.691800,,
XPL0040,LPL0040,Poland 5.7500%  T-Bon  Sep 2022,Traded,23 Sep 2022,'3-5',114.020000,0.645890,247.133717,-0.003703,0.353008,2.613195,4.636395,16977.180178,19467.034818,5349.776665,4592.280068,0.624798,4.410010,4.296138,2.650567,23.795256,5.750000,22 Apr 2002,1,PL0000102646,PLN,0.261481,0.493657,10.988401,20.033445,0.072137,1.981717,4.438375,8.678721,100.000000,-,PL,0.624798,0.624798,0.919919,
XPL0090,PL0000110151,Poland 2.5000%  POLGB  Jan 2023,Traded,25 Jan 2023,'5-7',98.530000,1.931507,100.041674,0.041674,,,,4457.498054,4478.069713,1230.627729,1056.378153,0.143725,4.869925,4.737123,2.803422,28.180960,2.500000,07 Aug 2017,1,PL0000110151,PLN,0.306979,,,,0.117550,,,,100.000000,-,PL,0.143725,0.143725,,
XPL0074,PL0000107264,Poland 4.0000%  POLGB  Oct 2023,Traded,25 Oct 2023,'5-7',105.885000,0.098630,124.434716,0.024499,0.190737,2.359147,4.769247,20185.718565,21393.557304,5879.208350,5046.747371,0.686630,5.445057,5.291035,2.911014,34.726061,4.000000,25 Oct 2012,1,PL0000107264,PLN,0.289758,0.331159,10.713618,20.185847,0.100361,1.816813,4.179808,8.816706,100.000000,-,PL,0.686630,0.686630,0.962252,
XPL0080,PL0000108197,Poland 3.2500%  POLGB  Jul 2025,Traded,25 Jul 2025,'7-10',100.000000,0.899315,111.724235,-0.100095,-0.384025,1.430231,4.737548,21422.828377,21615.487101,5940.197343,5099.100685,0.693753,6.896154,6.679341,3.246034,54.389000,3.250000,09 Jun 2014,1,PL0000108197,PLN,0.164834,-0.244409,9.708885,20.149483,-0.024327,1.232722,3.234370,8.783782,100.000000,-,PL,0.693753,0.693753,1.029952,
XPL0084,PL0000108866,Poland 2.5000%  POLGB  Jul 2026,Traded,25 Jul 2026,'7-10',93.550000,0.691781,103.977860,0.001962,-0.267393,0.935674,4.980559,27832.875115,26230.197162,7208.375493,6187.712342,0.841863,7.859411,7.603762,3.362138,69.152766,2.500000,14 Sep 2015,1,PL0000108866,PLN,0.267161,-0.127613,9.173962,20.428253,0.077807,1.351247,2.731016,9.036182,100.000000,-,PL,0.841863,0.841863,1.069280,
XPL0087,PL0000109427,Poland 2.5000%  POLGB  Jul 2027,Traded,25 Jul 2027,'7-10',92.380000,0.691781,105.534422,-0.019498,-0.297454,,5.115279,22001.863169,20477.525865,5627.471829,4830.655246,0.657230,8.643570,8.356771,3.431938,83.372610,2.500000,10 Oct 2016,1,PL0000109427,PLN,0.245644,-0.157716,,20.582796,0.056331,1.320699,,9.176106,100.000000,-,PL,0.657230,0.657230,,
XRO0022,RO1519DBN037,Romania 2.5000%  ROMGB  Apr 2019,Traded,29 Apr 2019,'1-3',100.503000,1.280822,102.437586,0.034250,-0.355391,0.292509,0.346061,8066.570000,8210.463244,2078.072195,1783.829517,0.242697,1.463013,1.432227,2.149516,3.476114,2.500000,28 Sep 2015,1,RO1519DBN037,RON,0.130461,-1.936691,4.365385,9.380001,-0.058634,-0.484618,-1.793781,-0.966947,100.000000,-,RO,0.242697,0.242697,0.590975,
XRO0017,RO1419DBN014,Romania 4.7500%  ROMGB  Jun 2019,Traded,24 Jun 2019,'1-3',104.145500,1.704795,112.051590,0.037344,-0.405611,0.218165,0.306482,8657.220000,9163.692867,2319.335071,1990.931003,0.270874,1.596194,1.562549,2.153234,4.012006,4.750000,26 Feb 2014,1,RO1419DBN014,RON,0.133558,-1.986114,4.288022,9.336858,-0.055544,-0.534773,-1.866578,-1.006008,100.000000,-,RO,0.270874,0.270874,0.597964,
XRO0025,RO1620DBN017,Romania 2.2500%  ROMGB  Feb 2020,Traded,26 Feb 2020,'1-3',99.627500,1.534932,100.519917,0.050602,-0.420386,0.483641,0.535606,8860.370000,8963.365733,2268.632177,1947.407337,0.264953,2.251923,2.198839,2.414166,7.082447,2.250000,21 Mar 2016,1,RO1620DBN017,RON,0.146829,-2.000655,4.564279,9.586609,-0.042298,-0.549530,-1.606625,-0.779882,100.000000,-,RO,0.264953,0.264953,0.610335,
XRO0019,RO1320DBN022,Romania 5.7500%  ROMGB  Apr 2020,Traded,29 Apr 2020,'1-3',107.859000,2.945890,110.544380,0.052149,-0.515713,0.447129,0.436340,8730.750000,9674.097970,2448.518848,2101.823124,0.285962,2.334359,2.278435,2.454521,7.636772,5.750000,20 Mar 2013,1,RO1320DBN022,RON,0.148377,-2.094469,4.526284,9.478406,-0.040752,-0.644732,-1.642377,-0.877850,100.000000,-,RO,0.285962,0.285962,0.614136,
XRO0023,RO1521DBN041,Romania 3.2500%  ROMGB  Mar 2021,Traded,22 Mar 2021,'3-5',101.124500,2.003425,102.651138,0.069772,-1.079938,0.023007,0.347065,8804.350000,9079.743435,2298.087430,1972.691901,0.268393,3.199721,3.109743,2.893424,13.068320,3.250000,26 Oct 2015,1,RO1521DBN041,RON,0.166017,-2.649740,4.084939,9.381094,-0.023146,-1.208226,-2.057676,-0.965957,100.000000,-,RO,0.268393,0.268393,0.640974,
XRO0016,RO1121DBN032,Romania 5.9500%  ROMGB  Jun 2021,Traded,11 Jun 2021,'3-5',110.046000,2.347397,121.173321,0.072389,-1.008434,-0.235864,0.089224,8579.240000,9642.499295,2440.521209,2094.957903,0.285028,3.298535,3.203427,2.968941,13.964143,5.950000,30 May 2011,1,RO1121DBN032,RON,0.168637,-2.579370,3.815555,9.100041,-0.020531,-1.136814,-2.311162,-1.220423,100.000000,-,RO,0.285028,0.285028,0.646550,
XRO0028,RO1722DBN045,Romania 3.4000%  ROMGB  Mar 2022,Traded,08 Mar 2022,'3-5',101.077500,2.226301,100.086533,0.086533,,,,4029.000000,4162.110157,1053.432082,904.272357,0.123030,4.029032,3.906816,3.128276,19.857938,3.400000,08 Mar 2017,1,RO1722DBN045,RON,0.182795,,,,-0.006400,,,,100.000000,-,RO,0.123030,0.123030,,
XRO0026,RO1522DBN056,Romania 3.5000%  ROMGB  Dec 2022,Traded,19 Dec 2022,'5-7',100.160000,3.049315,100.686661,-0.035750,-1.132589,,0.517531,8736.800000,9017.191439,2282.255489,1959.101669,0.266544,4.644295,4.488805,3.463946,25.951493,3.500000,04 Nov 2015,1,RO1522DBN056,RON,0.060393,-2.701556,,9.566908,-0.128570,-1.260809,,-0.797720,100.000000,-,RO,0.266544,0.266544,,
XRO0014,RO1323DBN018,Romania 5.8500%  ROMGB  Apr 2023,Traded,26 Apr 2023,'5-7',111.273500,3.045205,130.618753,-0.036702,-1.391063,-0.765244,0.214641,8792.520000,10051.495043,2544.038229,2183.817528,0.297117,4.757421,4.594459,3.546914,27.565135,5.850000,28 Jan 2013,1,RO1323DBN018,RON,0.059441,-2.955927,3.264676,9.236749,-0.129521,-1.518947,-2.829531,-1.096647,100.000000,-,RO,0.297117,0.297117,0.711763,
XRO0027,RO1624DBN027,Romania 3.2500%  ROMGB  Apr 2024,Traded,29 Apr 2024,'5-7',96.652500,1.665068,99.122402,0.010075,-1.170440,,,4630.070000,4552.172244,1152.156984,989.018399,0.134560,5.846516,5.630336,3.839553,39.365784,3.250000,29 Aug 2016,1,RO1624DBN027,RON,0.106262,-2.738806,,,-0.082788,-1.298611,,,100.000000,-,RO,0.134560,0.134560,,
XRO0020,RO1425DBN029,Romania 4.7500%  ROMGB  Feb 2025,Traded,24 Feb 2025,'7-10',104.623500,3.266438,99.432897,0.011136,-1.239057,-2.394036,0.065078,9101.150000,9819.225125,2485.250601,2133.353879,0.290251,6.183678,5.945539,4.005342,45.225502,4.750000,30 Jul 2014,1,RO1425DBN029,RON,0.107325,-2.806333,1.569740,9.073721,-0.081727,-1.367138,-4.424440,-1.244253,100.000000,-,RO,0.290251,0.290251,0.752920,
XRO0024,RO1227DBN011,Romania 5.8000%  ROMGB  Jul 2027,Traded,26 Jul 2027,'7-10',111.658500,1.573151,98.056969,0.011385,-1.220689,-3.223357,-1.221021,7382.680000,8359.530429,2115.801172,1816.216294,0.247104,7.721800,7.403056,4.305578,70.252905,5.800000,27 Feb 2012,1,RO1227DBN011,RON,0.107575,-2.788258,0.706740,7.671837,-0.081478,-1.348795,-5.236510,-2.513524,100.000000,-,RO,0.247104,0.247104,0.774544,
XRU0037,RU000A0JS4M5,Russia 7.5000%  RFLB  Feb 2019,Traded,27 Feb 2019,'1-3',100.200000,1.294521,148.720640,0.118914,0.720901,10.204317,7.723537,149999.976000,152241.756463,2609.307746,2239.845268,0.304740,1.272084,1.226991,7.350181,2.136521,7.500000,07 Mar 2012,2,RU000A0JS4M5,RUB,-0.656529,-0.639666,19.542161,12.705037,-0.844139,0.831612,12.487332,2.043554,100.000000,-,RU,0.304740,0.304740,0.868035,
XRU0047,RU000A0JU9V1,Russia 6.7000%  RFLB  May 2019,Traded,15 May 2019,'1-3',99.060000,3.083836,132.353121,0.076770,0.750307,10.720616,8.113133,250000.318000,255359.913858,4376.674420,3756.963320,0.511150,1.442094,1.390768,7.380903,2.701719,6.700000,13 Nov 2013,2,RU000A0JU9V1,RUB,-0.698346,-0.610657,20.102207,13.112650,-0.885877,0.861051,13.014326,2.412608,100.000000,-,RU,0.511150,0.511150,0.892211,
XRU0041,RU000A0JTG59,Russia 6.8000%  RFLB  Dec 2019,Traded,11 Dec 2019,'1-3',99.050000,2.608219,136.874790,0.018330,0.902144,11.467890,8.589458,150000.000000,152487.328767,2613.516668,2243.458232,0.305232,1.954131,1.885215,7.311219,4.666964,6.800000,19 Dec 2012,2,RU000A0JTG59,RUB,-0.756335,-0.460871,20.912800,13.611001,-0.943756,1.013055,13.777082,2.863817,100.000000,-,RU,0.305232,0.305232,0.909319,
XRU0048,RU000A0JTYA5,Russia 6.4000%  RFLB  May 2020,Traded,27 May 2020,'1-3',98.000000,2.700274,128.130420,0.017415,1.029381,12.255290,9.066299,201598.732000,203010.475449,3479.444919,2986.776187,0.406363,2.349313,2.266743,7.285306,6.578135,6.400000,23 Oct 2013,2,RU000A0JTYA5,RUB,-0.757242,-0.335354,21.766918,14.109893,-0.944661,1.140431,14.580793,3.315515,100.000000,-,RU,0.406363,0.406363,0.937865,
XRU0036,RU000A0JREQ7,Russia 7.6000%  RFLB  Apr 2021,Traded,14 Apr 2021,'3-5',100.900000,0.291507,164.382724,-0.078185,1.051209,12.788112,9.387219,150000.000000,151787.260274,2601.518027,2233.158528,0.303830,3.098435,2.989034,7.320162,10.998636,7.600000,13 Apr 2011,2,RU000A0JREQ7,RUB,-0.852101,-0.313820,22.344887,14.445654,-1.039341,1.162283,15.124654,3.619515,100.000000,-,RU,0.303830,0.303830,0.953582,
XRU0049,RU000A0JVW30,Russia 7.5000%  RFLB  Aug 2021,Traded,18 Aug 2021,'3-5',100.520000,1.438356,115.872208,0.039785,0.976943,13.080284,9.270006,290000.000000,295679.232877,5067.716837,4350.158236,0.591857,3.334982,3.216644,7.357846,12.813980,7.500000,04 Feb 2016,2,RU000A0JVW30,RUB,-0.735045,-0.387083,22.661815,14.323021,-0.922507,1.087936,15.422878,3.508482,100.000000,-,RU,0.591857,0.591857,0.979808,
XRU0040,RU000A0JSMA2,Russia 7.6000%  RFLB  Jul 2022,Traded,20 Jul 2022,'3-5',101.150000,2.040548,143.486175,-0.028268,1.101398,13.918910,10.005813,146118.000000,150779.964847,2584.253751,2218.338770,0.301814,3.983801,3.843037,7.325675,18.367664,7.600000,01 Aug 2012,2,RU000A0JSMA2,RUB,-0.802571,-0.264309,23.571500,15.092854,-0.989905,1.212528,16.278877,4.205492,100.000000,-,RU,0.301814,0.301814,1.005070,
XRU0052,RU000A0JXB41,Russia 7.4000%  RFLB  Dec 2022,Traded,07 Dec 2022,'5-7',100.150000,2.838356,105.323420,-0.126288,0.988643,,,350000.000000,360459.246575,6177.996930,5303.229263,0.721526,4.228625,4.078065,7.383896,20.844796,7.400000,01 Feb 2017,2,RU000A0JXB41,RUB,-0.899832,-0.375541,,,-1.086982,1.099648,,,100.000000,-,RU,0.721526,0.721526,,
XRU0042,RU000A0JTJL3,Russia 7.0000%  RFLB  Jan 2023,Traded,25 Jan 2023,'5-7',98.600000,1.745205,141.121688,0.019116,1.338461,14.139243,10.821101,150000.000000,150517.808219,2579.760586,2214.481811,0.301289,4.396152,4.240445,7.343940,22.217372,7.000000,16 Jan 2013,2,RU000A0JTJL3,RUB,-0.755554,-0.030448,23.810502,15.945843,-0.942977,1.449851,16.503775,4.977791,100.000000,-,RU,0.301289,0.301289,1.016023,
XRU0045,SU26215RMFS2,Russia 7.0000%  RFLB  Aug 2023,Traded,16 Aug 2023,'5-7',98.550500,1.342466,143.775743,-0.030345,1.345116,14.461747,11.191203,249999.999000,249732.413385,4280.223348,3674.169147,0.499886,4.793829,4.624373,7.328802,26.401229,7.000000,04 Sep 2013,2,RU000A0JU4L3,RUB,-0.804632,-0.023883,24.160332,16.333060,-0.991962,1.456514,16.832960,5.328378,100.000000,-,RU,0.499886,0.499886,1.044400,
XRU0054,RU000A0JXQF2,Russia 7.1000%  RFLB  Oct 2024,Traded,16 Oct 2024,'5-7',98.348000,0.136164,104.114683,-0.051807,1.259815,,,211212.536000,208010.901153,3565.148407,3060.344570,0.416372,5.594393,5.394066,7.427692,35.948455,7.100000,03 May 2017,2,RU000A0JXQF2,RUB,-0.825928,-0.108032,,,-1.013217,1.371119,,,100.000000,-,RU,0.416372,0.416372,,
XRU0051,RU000A0JWM07,Russia 7.7500%  RFLB  Sep 2026,Traded,16 Sep 2026,'7-10',101.750000,0.743151,116.600789,-0.028059,0.576007,,12.197580,350000.000000,358726.027397,6148.290873,5277.729408,0.718056,6.558349,6.321397,7.496838,51.279704,7.750000,29 Jun 2016,2,RU000A0JWM07,RUB,-0.802364,-0.782603,,17.385975,-0.989698,0.686559,,6.281692,100.000000,-,RU,0.718056,0.718056,,
XRU0038,RU000A0JS3W6,Russia 8.1500%  RFLB  Feb 2027,Traded,03 Feb 2027,'7-10',104.450000,1.719315,162.321634,-0.213983,0.302187,14.651247,11.544443,320636.706000,340417.794618,5834.501709,5008.370925,0.681409,6.634909,6.395222,7.495819,53.487149,8.150000,22 Feb 2012,2,RU000A0JS3W6,RUB,-0.986848,-1.052724,24.365889,16.702635,-1.173833,0.412438,17.026386,5.662994,100.000000,-,RU,0.681409,0.681409,1.138853,
XRU0043,RU000A0JTK38,Russia 7.0500%  RFLB  Jan 2028,Traded,19 Jan 2028,'10+',97.100000,1.757671,137.117457,-0.031030,0.538454,15.752287,12.653048,241072.408000,238318.568534,4084.598741,3506.243822,0.477039,7.276935,7.014624,7.478986,64.404827,7.050000,23 Jan 2013,2,RU000A0JTK38,RUB,-0.805312,-0.819649,25.560222,17.862506,-0.992640,0.648964,18.150234,6.713145,100.000000,-,RU,0.477039,0.477039,1.152496,
XRU0050,RU000A0JVW48,Russia 8.5000%  RFLB  Sep 2031,Traded,17 Sep 2031,'10+',108.200000,0.652055,118.757051,-0.070883,0.943611,17.078064,14.811179,249999.915000,272130.044462,4664.101685,4003.692592,0.544719,8.568967,8.256900,7.558930,94.776867,8.500000,18 Feb 2016,2,RU000A0JVW48,RUB,-0.844856,-0.419964,26.998335,20.120436,-1.032110,1.054567,19.503476,8.757483,100.000000,-,RU,0.544719,0.544719,1.167380,
XRU0053,RU000A0JXFM1,Russia 7.7000%  RFLB  Mar 2033,Traded,23 Mar 2033,'10+',100.300000,0.443014,105.047452,-0.078261,0.971221,,,255740.843000,257641.032496,4415.771056,3790.524105,0.515716,9.233544,8.891775,7.687301,111.386040,7.700000,15 Mar 2017,2,RU000A0JXFM1,RUB,-0.852177,-0.392728,,,-1.039417,1.082207,,,100.000000,-,RU,0.515716,0.515716,,
XTR0041,TRT270319T13,Turkey 10.4000%  TURKG  Mar 2019,Traded,27 Mar 2019,'1-3',97.450000,0.997260,126.872791,-0.052292,-0.147278,5.240180,6.301883,7750.496973,7630.151928,2009.759368,1725.189380,0.234719,1.328085,1.250239,12.453102,2.202229,10.400000,02 Apr 2014,2,TRT270319T13,TRY,-0.507730,-6.471332,-14.163786,-1.508605,-0.695621,-5.086406,-19.229445,-10.825530,100.000000,-,TR,0.234719,0.234719,1.228615,
XTR0045,TRT100719T18,Turkey 8.5000%  TURKG  Jul 2019,Traded,10 Jul 2019,'1-3',94.200000,2.608219,126.133964,-0.027585,-0.489666,4.757142,5.812979,15304.501558,14816.015412,3902.494478,3349.924442,0.455771,1.567156,1.475503,12.423285,2.988881,8.500000,16 Jul 2014,2,TRT100719T18,TRY,-0.483137,-6.792036,-14.557762,-1.961588,-0.671073,-5.411858,-19.600171,-11.235662,100.000000,-,TR,0.455771,0.455771,1.259161,
XTR0013,EI1037098,Turkey 10.5000%  Bond  Jan 2020,Traded,15 Jan 2020,'1-3',96.550000,3.020548,209.027885,0.028900,-1.030724,4.087682,5.015053,11354.522761,11305.760529,2977.903762,2556.250279,0.347788,1.967040,1.852655,12.348218,4.583553,10.500000,27 Jan 2010,2,TRT150120T16,TRY,-0.426909,-7.298826,-15.103789,-2.700886,-0.614952,-5.926153,-20.113973,-11.905026,100.000000,-,TR,0.347788,0.347788,1.297180,
XTR0048,TRT050220T17,Turkey 7.4000%  TURKG  Feb 2020,Traded,05 Feb 2020,'1-3',90.425000,1.703014,117.456576,0.103522,-1.118153,3.891730,5.757152,13129.357551,12095.816323,3186.002113,2734.883139,0.372092,2.083584,1.962037,12.389913,4.994511,7.400000,11 Feb 2015,2,TRT050220T17,TRY,-0.352627,-7.380718,-15.263611,-2.013313,-0.540810,-6.009257,-20.264364,-11.282494,100.000000,-,TR,0.372092,0.372092,1.312176,
XTR0050,TRT080720T19,Turkey 9.4000%  TURKG  Jul 2020,Traded,08 Jul 2020,'1-3',93.575000,2.884384,115.588972,0.104561,-1.533657,3.536627,5.547826,14535.051299,14020.420883,3692.937241,3170.039265,0.431297,2.359023,2.222377,12.297207,6.443545,9.400000,15 Jul 2015,2,TRT080720T19,TRY,-0.351592,-7.769906,-15.553241,-2.207259,-0.539778,-6.404208,-20.536901,-11.458094,100.000000,-,TR,0.431297,0.431297,1.338507,
XTR0051,TRT170221T12,Turkey 10.7000%  TURKG  Feb 2021,Traded,17 Feb 2021,'3-5',96.225000,2.052055,105.566635,-0.046464,-1.867791,3.189799,5.263214,15785.567305,15513.590630,4086.233720,3507.647298,0.477230,2.802426,2.642038,12.141190,9.001857,10.700000,24 Feb 2016,2,TRT170221T12,TRY,-0.501929,-8.082878,-15.836121,-2.470959,-0.689831,-6.721815,-20.803087,-11.696849,100.000000,-,TR,0.477230,0.477230,1.373337,
XTR0054,TRT220921T18,Turkey 9.2000%  TURKG  Sep 2021,Traded,22 Sep 2021,'3-5',91.400000,0.882192,105.444341,0.000223,-2.425388,,5.464296,15031.807316,13871.681256,3653.759665,3136.409000,0.426721,3.303745,3.115971,12.052385,12.240761,9.200000,28 Sep 2016,2,TRT220921T18,TRY,-0.455455,-8.605161,,-2.284651,-0.643444,-7.251831,,-11.528165,100.000000,-,TR,0.426721,0.426721,,
XTR0028,EI9341138,Turkey 9.5000%  TURKG  Jan 2022,Traded,12 Jan 2022,'3-5',92.175000,2.732877,156.019755,0.080171,-2.660639,2.651287,6.072771,10338.019239,9811.594554,2584.344880,2218.416996,0.301825,3.433798,3.240319,11.941988,13.531506,9.500000,25 Jan 2012,2,TRT120122T17,TRY,-0.375871,-8.825513,-16.275344,-1.720884,-0.564011,-7.475446,-21.216389,-11.017728,100.000000,-,TR,0.301825,0.301825,1.437343,
XTR0056,TRT020322T17,Turkey 11.0000%  TURKG  Mar 2022,Traded,02 Mar 2022,'3-5',96.850000,1.687671,99.512623,-0.109344,-2.854963,,,16442.538238,16202.094272,4267.583535,3663.319057,0.498409,3.492578,3.295274,11.974975,14.004696,11.000000,08 Mar 2017,2,TRT020322T17,TRY,-0.564523,-9.007529,,,-0.752306,-7.660157,,,100.000000,-,TR,0.498409,0.498409,,
XTR0057,TRT170822T15,Turkey 10.7000%  TURKG  Aug 2022,Traded,17 Aug 2022,'3-5',95.800000,2.052055,97.380095,0.061677,-2.825835,,,12136.700206,11876.010536,3128.105921,2685.184704,0.365330,3.775545,3.563579,11.896225,16.474241,10.700000,23 Aug 2017,2,TRT170822T15,TRY,-0.394281,-8.980246,,,-0.582386,-7.632470,,,100.000000,-,TR,0.365330,0.365330,,
XTR0032,EJ3484700,Turkey 8.5000%  TURKG  Sep 2022,Traded,14 Sep 2022,'3-5',88.150000,0.978082,122.096536,0.138518,-3.100007,2.263247,6.399946,10519.116224,9375.486554,2469.475327,2119.812290,0.288409,3.989577,3.767567,11.785368,17.900032,8.500000,26 Sep 2012,2,TRT140922T17,TRY,-0.317790,-9.237054,-16.591838,-1.417748,-0.506039,-7.893081,-21.514204,-10.743268,100.000000,-,TR,0.288409,0.288409,1.500771,
XTR0035,TRT080323T10,Turkey 7.1000%  TURKG  Mar 2023,Traded,08 Mar 2023,'5-7',82.000000,0.953151,110.989949,0.144207,-3.283726,1.756036,6.443757,16588.160946,13760.402146,3624.449078,3111.248618,0.423298,4.397050,4.153233,11.741067,21.547771,7.100000,20 Mar 2013,2,TRT080323T10,TRY,-0.312127,-9.409137,-17.005530,-1.377156,-0.500387,-8.067712,-21.903483,-10.706515,100.000000,-,TR,0.423298,0.423298,1.544942,
XTR0040,EJ8700001,Turkey 8.8000%  TURKG  Sep 2023,Traded,27 Sep 2023,'5-7',87.875000,0.675068,126.376372,0.168674,-3.314430,1.732389,6.474673,12632.452625,11186.045452,2946.371166,2529.182511,0.344106,4.606745,4.351660,11.723605,24.190239,8.800000,09 Oct 2013,2,TRT270923T11,TRY,-0.287771,-9.437896,-17.024817,-1.348511,-0.476077,-8.096897,-21.921631,-10.680580,100.000000,-,TR,0.344106,0.344106,1.548149,
XTR0043,TRT200324T13,Turkey 10.4000%  TURKG  Mar 2024,Traded,20 Mar 2024,'5-7',94.650000,0.997260,119.482941,0.239464,-3.379253,1.857521,6.657444,7408.611870,7086.134278,1866.466734,1602.186131,0.217984,4.725567,4.465768,11.635137,26.141190,10.400000,02 Apr 2014,2,TRT200324T13,TRY,-0.217305,-9.498613,-16.922757,-1.179169,-0.405743,-8.158514,-21.825595,-10.527258,100.000000,-,TR,0.217984,0.217984,1.563334,
XTR0046,TRT240724T15,Turkey 9.0000%  TURKG  Jul 2024,Traded,24 Jul 2024,'5-7',88.400000,2.243836,113.470370,0.165378,-3.110792,1.801395,6.764781,12376.505499,11218.539300,2954.929949,2536.529421,0.345105,4.957752,4.687171,11.545611,28.964776,9.000000,06 Aug 2014,2,TRT240724T15,TRY,-0.291052,-9.247156,-16.968534,-1.079719,-0.479352,-7.903333,-21.868670,-10.437215,100.000000,-,TR,0.345105,0.345105,1.597131,
XTR0049,TRT120325T12,Turkey 8.0000%  TURKG  Mar 2025,Traded,12 Mar 2025,'7-10',82.800000,0.920548,111.376513,0.205770,-3.367420,1.097416,6.743651,14420.552523,12072.965589,3179.983298,2729.716552,0.371389,5.454883,5.157060,11.550110,34.589668,8.000000,25 Mar 2015,2,TRT120325T12,TRY,-0.250845,-9.487530,-17.542715,-1.099296,-0.439220,-8.147266,-22.408966,-10.454940,100.000000,-,TR,0.371389,0.371389,1.644901,
XTR0052,TRT110226T13,Turkey 10.6000%  TURKG  Feb 2026,Traded,11 Feb 2026,'7-10',95.100000,2.032877,104.760050,0.262226,-3.505573,0.851488,6.384323,21317.205294,20706.014736,5453.902816,4681.662574,0.636959,5.524733,5.222872,11.559211,37.512262,10.600000,24 Feb 2016,2,TRT110226T13,TRY,-0.194646,-9.616933,-17.743300,-1.432223,-0.383128,-8.278586,-22.597712,-10.756373,100.000000,-,TR,0.636959,0.636959,1.653217,
XTR0055,TRT240227T17,Turkey 11.0000%  TURKG  Feb 2027,Traded,24 Feb 2027,'7-10',97.175000,1.687671,97.451251,0.309603,-3.791305,,,15731.762497,15552.840637,4096.572055,3516.521787,0.478437,5.902827,5.581116,11.528536,43.717585,11.000000,08 Mar 2017,2,TRT240227T17,TRY,-0.147485,-9.884569,,,-0.336056,-8.550184,,,100.000000,-,TR,0.478437,0.478437,,
XTR0058,TRT110827T16,Turkey 10.5000%  TURKG  Aug 2027,Traded,11 Aug 2027,'7-10',94.200000,2.013699,100.081934,0.081934,,,,10656.400959,10252.917504,2700.588035,2318.200811,0.315401,6.097328,5.765011,11.528784,47.056629,10.500000,23 Aug 2017,2,TRT110827T16,TRY,-0.374116,,,,-0.562259,,,,100.000000,-,TR,0.315401,0.315401,,
XAR0002,ARARGE3202H4,Argentina 18.2000%  ARGTE  Oct 2021,Traded,03 Oct 2021,'3-5',102.733890,1.466111,115.469987,0.192313,1.017936,15.293175,16.063702,62500.000000,65125.000694,3684.374332,3162.688812,0.430297,2.941854,2.709111,17.182244,9.941220,18.200000,03 Oct 2016,2,ARARGE3202H4,ARS,-0.096769,-0.745134,-1.011652,3.909713,-0.285435,0.724582,-6.853490,-5.919765,100.000000,-,AR,0.430297,0.430297,0.502471,
XAR0003,ARARGE4502J2,Argentina 16.0000%  ARGTE  Oct 2023,Traded,17 Oct 2023,'5-7',101.333330,0.666667,116.857724,0.294980,-0.747333,16.812657,19.267897,27279.000000,27824.579091,1574.144551,1351.255034,0.183844,4.040284,3.747229,15.641165,19.353988,16.000000,17 Oct 2016,2,ARARGE4502J2,ARS,0.005602,-2.479594,0.292944,6.778370,-0.183258,-1.035560,-5.625885,-3.322472,100.000000,-,AR,0.183844,0.183844,0.465318,
XAR0004,ARARGE4502K0,Argentina 15.5000%  ARGTE  Oct 2026,Traded,17 Oct 2026,'7-10',104.854170,0.645833,119.873632,0.237535,-0.252472,19.899729,21.735225,60192.000000,63502.562006,3592.586672,3083.897739,0.419577,5.188329,4.837551,14.502292,34.172084,15.500000,17 Oct 2016,2,ARARGE4502K0,ARS,-0.051677,-1.993370,2.943441,8.987324,-0.240429,-0.542136,-3.131808,-1.322477,100.000000,-,AR,0.419577,0.419577,0.488711,
XBR0035,BRSTNCLTN764,Brazil 0.0000%  BLTN  Jan 2019,Traded,01 Jan 2019,'1-3',92.250000,0,144.140624,0.097656,0.599782,16.668773,13.622366,32021.858081,29540.163919,9029.961306,7751.372425,1.054606,1.182540,1.142221,7.059633,2.251782,0,09 Jan 2015,2,BRSTNCLTN764,BRL,-0.267994,-2.727559,12.906242,13.044069,-0.456337,-1.287197,6.243034,2.350514,100.000000,-,BR,1.054606,1.054606,1.278448,
XBR0026,BRSTNCNTF162,Brazil 10.0000%  BNTNF  Jan 2019,Traded,01 Jan 2019,'1-3',102.910999,3.372969,161.227015,0.094775,0.523342,16.068755,13.112521,3263.865621,3468.965882,1060.408052,910.260571,0.123845,1.112465,1.074876,6.994119,2.101670,10.000000,04 Jan 2013,2,BRSTNCNTF162,BRL,-0.270864,-2.801471,12.325574,12.536819,-0.459202,-1.362203,5.696635,1.891248,100.000000,-,BR,0.123845,0.123845,1.264603,
XBR0043,BRSTNCLTN7G6,Brazil 0.0000%  BLTN  Apr 2019,Traded,01 Apr 2019,'1-3',90.360000,0,111.873220,0.110792,0.511680,,,28493.814940,25747.011322,7870.454498,6756.044893,0.919187,1.436508,1.385845,7.311530,3.039367,0,06 Jan 2017,2,BRSTNCLTN7G6,BRL,-0.254905,-2.812747,,,-0.443273,-1.373646,,,100.000000,-,BR,0.919187,0.919187,,
XBR0037,BRSTNCLTN798,Brazil 0.0000%  BLTN  Jul 2019,Traded,01 Jul 2019,'1-3',88.350000,0,141.996155,0.124661,0.374916,17.533590,14.650923,13617.787652,12031.315459,3677.783013,3157.030785,0.429527,1.694444,1.632540,7.583817,3.944597,0,03 Jul 2015,2,BRSTNCLTN798,BRL,-0.241087,-2.944987,13.743169,14.067391,-0.429481,-1.507845,7.030570,3.277034,100.000000,-,BR,0.429527,0.429527,1.339280,
XBR0044,BRSTNCLTN7H4,Brazil 0.0000%  BLTN  Oct 2019,Traded,01 Oct 2019,'1-3',86.150000,0,102.976332,0.139486,0.256022,,,15385.842806,13254.903501,4051.814542,3478.101671,0.473210,1.956349,1.881845,7.918193,4.966069,0,07 Jul 2017,2,BRSTNCLTN7H4,BRL,-0.226317,-3.059949,,,-0.414738,-1.624509,,,100.000000,-,BR,0.473210,0.473210,,
XBR0038,BRSTNCLTN7B7,Brazil 0.0000%  BLTN  Jan 2020,Traded,01 Jan 2020,'1-3',84.080000,0,149.982149,0.154854,0.083325,18.089888,15.510373,26815.198848,22546.219326,6892.022965,5916.153453,0.804917,2.218254,2.131597,8.130673,6.105676,0,08 Jan 2016,2,BRSTNCLTN7B7,BRL,-0.211004,-3.226934,14.281527,14.922467,-0.399455,-1.793967,7.537156,4.051222,100.000000,-,BR,0.804917,0.804917,1.406618,
XBR0041,BRSTNCLTN7F8,Brazil 0.0000%  BLTN  Jul 2020,Traded,01 Jul 2020,'1-3',79.980000,0,125.223109,0.100125,-0.162277,18.524006,16.199332,54014.243655,43200.592075,13205.738327,11335.884224,1.542293,2.734127,2.622492,8.513634,8.670400,0,08 Jul 2016,2,BRSTNCLTN7F8,BRL,-0.265533,-3.464413,14.701645,15.607919,-0.453881,-2.034962,7.932480,4.671833,100.000000,-,BR,1.542293,1.542293,1.467840,
XBR0012,EI1383294,Brazil 10.0000%  NTNF  Jan 2021,Traded,01 Jan 2021,'3-5',102.640998,3.372969,274.624415,0.038344,-0.203959,17.597514,15.535943,29152.623184,30905.852375,9447.430686,8109.730620,1.103362,2.795167,2.679066,8.667253,9.702450,10.000000,05 Feb 2010,2,BRSTNCNTF0N5,BRL,-0.327089,-3.504716,13.805031,14.947907,-0.515321,-2.075862,7.088781,4.074256,100.000000,-,BR,1.103362,1.103362,1.471031,
XBR0045,BRSTNCLTN7I2,Brazil 0.0000%  BLTN  Jul 2021,Traded,01 Jul 2021,'3-5',72.030000,0,102.811877,-0.027758,-0.552257,,,20724.590361,14927.922540,4563.230024,3917.103759,0.532938,3.769841,3.605901,9.092888,15.108944,0,07 Jul 2017,2,BRSTNCLTN7I2,BRL,-0.392949,-3.841494,,,-0.581056,-2.417626,,,100.000000,-,BR,0.532938,0.532938,,
XBR0023,BRSTNCNTF147,Brazil 10.0000%  BNTNF  Jan 2023,Traded,01 Jan 2023,'5-7',101.730998,3.372969,189.528972,-0.113440,-0.526845,18.637373,17.279107,36409.542598,38267.873703,11697.884269,10041.533344,1.366191,4.177248,3.993043,9.226300,20.637205,10.000000,09 Mar 2012,2,BRSTNCNTF147,BRL,-0.478318,-3.816923,14.811355,16.682198,-0.666264,-2.392691,8.035716,5.644490,100.000000,-,BR,1.366191,1.366191,1.624967,
XBR0032,BRSTNCNTF170,Brazil 10.0000%  BNTNF  Jan 2025,Traded,01 Jan 2025,'7-10',101.160999,3.372969,185.685812,-0.171292,-0.690350,19.401172,18.164508,19739.726991,20634.719833,6307.707776,5414.573824,0.736675,5.324012,5.084451,9.423267,33.659691,10.000000,10 Jan 2014,2,BRSTNCNTF170,BRL,-0.535959,-3.975020,15.550522,17.563093,-0.723796,-2.553130,8.731260,6.442055,100.000000,-,BR,0.736675,0.736675,1.728803,
XBR0040,BRSTNCNTF1P8,Brazil 10.0000%  BNTNF  Jan 2027,Traded,01 Jan 2027,'7-10',100.940999,3.372969,165.562934,-0.209852,-0.207275,20.777183,18.784090,21382.169709,22304.589600,6818.160576,5852.749540,0.796290,6.270988,5.986822,9.493054,47.692130,10.000000,15 Jan 2016,2,BRSTNCNTF1P8,BRL,-0.574378,-3.507923,16.882157,18.179521,-0.762142,-2.079116,9.984309,7.000172,100.000000,-,BR,0.796290,0.796290,1.803308,
XBX0002,US105756BL31,Brazil 12.5000%  Bond  Jan 2022,Traded,05 Jan 2022,'3-5',113.125000,4.097222,369.766314,0.029630,0.326895,13.236961,20.074942,647.737954,759.292824,232.103818,199.239296,0.027107,3.312692,3.174979,8.674886,13.223979,12.500000,13 Sep 2006,2,US105756BL31,BXL,-0.335771,-2.991421,9.585105,19.463804,-0.523986,-1.554966,3.117896,8.162966,100.000000,-,BR,0.027107,0.027107,1.371762,
XBX0004,US105756BT66,Brazil 8.5000% Bond Jan 2024,Traded,05 Jan 2024,'5-7',101.625000,2.786111,160.738437,0.022619,0.538965,17.212876,21.959197,920.575902,961.183528,293.818615,252.215645,0.034315,4.810837,4.622345,8.155675,27.319818,8.500000,27 Apr 2012,2,US105756BT66,BXL,-0.342757,-2.786365,13.432798,21.338468,-0.530959,-1.346874,6.738515,9.860294,100.000000,-,BR,0.034315,0.034315,1.375631,
XBX0003,US105756BN96,Brazil 10.2500%  Bond  Jan 2028,Traded,10 Jan 2028,'10+',108.500000,3.217361,318.945018,0.025492,0.517983,17.203139,28.479537,1392.490872,1555.654056,475.538862,408.205384,0.055538,6.517876,6.238502,8.956463,54.141726,10.250000,14 Feb 2007,2,US105756BN96,BXL,-0.339893,-2.806653,13.423375,27.825622,-0.528101,-1.367462,6.729648,15.733787,100.000000,-,BR,0.055538,0.055538,1.581021,
XCE0007,CL0002329671,Chile Nominal 4.5000%  BTPCL  Feb 2021,Traded,28 Feb 2021,'3-5',102.695430,0.764384,102.515724,0.019536,0.339918,,,1000000.000000,1034598.135616,1627.097586,1396.710233,0.190028,3.101244,3.045999,3.627380,11.184809,4.500000,01 Sep 2016,2,CL0002329671,CLP,0.409638,0.856723,,,0.220015,2.350159,,,100.000000,-,CL,0.190028,0.190028,,
XCE0005,CL0002269331,Chile Nominal 4.5000%  BTPCL  Mar 2021,Traded,01 Mar 2021,'3-5',102.623720,0.764384,100.807103,-0.009737,0.246550,-1.278033,-2.368212,2564600.000000,2651491.303942,4169.962183,3579.520308,0.487008,3.107001,3.051226,3.655907,11.223030,4.500000,28 Apr 2016,2,CL0002269331,CLP,0.380251,0.762875,1.433559,2.841540,0.190684,2.254921,-4.552584,-6.886893,100.000000,-,CL,0.487008,0.487008,0.654329,
XCE0003,CL0002172501,Chile Nominal 4.5000%  BTPCL  Mar 2026,Traded,01 Mar 2026,'7-10',100.598275,0.764384,99.781869,0.084049,-0.043945,-6.806529,-7.475212,3629400.000000,3678856.329836,5785.684362,4966.465824,0.675708,6.988850,6.838012,4.411745,55.630785,4.500000,01 Mar 2015,2,CL0002172501,CLP,0.474403,0.470883,-4.246788,-2.537976,0.284657,1.958606,-9.897703,-11.757526,100.000000,-,CL,0.675708,0.675708,0.686369,
XCE0006,CL0002187822,Chile Nominal 5.0000%  BTPCL  Mar 2035,Traded,01 Mar 2035,'10+',101.817620,0.849315,96.494924,-0.310775,0.291905,-4.554520,-5.391690,3365400.000000,3455153.032795,5433.869409,4664.465778,0.634619,11.750647,11.472932,4.841209,172.632319,5.000000,01 Mar 2015,2,CL0002187822,CLP,0.078039,0.808463,-1.932923,-0.343275,-0.110958,2.301184,-7.720392,-9.770436,100.000000,-,CL,0.634619,0.634619,0.705967,
XCE0004,CL0001974774,Chile Nominal 6.0000%  BTPCL  Jan 2043,Traded,01 Jan 2043,'10+',112.977435,2.038356,99.762461,-0.237539,,-7.933272,-7.266059,1966130.000000,2261359.974820,3556.408261,3052.841977,0.415352,13.754580,13.414165,5.075459,262.776881,6.000000,01 Jan 2013,2,CL0001974774,CLP,0.151560,,-5.404479,-2.317662,-0.037575,,-10.987072,-11.558053,100.000000,-,CL,0.415352,0.415352,0.747333,
XCG0001,US168863AU21,Chile 5.5000%  CHILE  Aug 20,Traded,05 Aug 2020,'1-3',105.727440,1.344444,145.341334,-0.001258,-0.012877,4.736178,4.816324,434345.000000,465061.376490,731.395328,627.834094,0.085419,2.569877,2.528013,3.311992,7.935669,5.500000,05 Aug 2010,2,US168863AU21,CGP,0.388763,0.502111,7.612962,10.409451,0.199179,1.990296,1.262139,-0.034878,100.000000,-,CL,0.085419,0.085419,0.578277,
XCO0036,COL17CT03011,Colombia 7.0000%  COLTE  Sep 2019,Traded,11 Sep 2019,'1-3',103.205000,0.958904,123.340633,0.014093,0.729818,8.993039,7.473833,13849626.000000,14426311.146177,4740.810858,4069.540202,0.553677,1.798120,1.710210,5.140284,4.605802,7.000000,15 Jan 2014,1,COL17CT03011,COP,-0.994263,-2.787941,7.313195,6.025605,-1.181234,-1.348473,0.980063,-4.004028,100.000000,-,CO,0.553677,0.553677,0.947615,
XCO0018,TFIT15240720,Colombia 11.0000%  COLTE  Jul 2020,Traded,24 Jul 2020,'1-3',113.479500,2.983562,285.449240,0.014717,0.763435,9.369349,7.768001,19478743.000000,22685540.467534,7454.979689,6399.398849,0.870664,2.460932,2.332301,5.515208,7.988485,11.000000,29 Jul 2005,1,COL17CT02302,COP,-0.993646,-2.755498,7.683705,6.315809,-1.180618,-1.315549,1.328708,-3.741277,100.000000,-,CO,0.870664,0.870664,0.972177,
XCO0033,COL17CT02864,Colombia 7.0000%  COLTE  May 2022,Traded,04 May 2022,'3-5',103.955500,3.452055,141.432586,0.015065,0.698180,10.115782,8.128038,28390374.000000,30493406.510419,10020.820377,8601.931737,1.170328,3.908990,3.689257,5.956009,18.400370,7.000000,09 May 2012,1,COL17CT02864,COP,-0.993301,-2.818474,8.418634,6.670995,-1.180275,-1.379458,2.020264,-3.419690,100.000000,-,CO,1.170328,1.170328,1.048128,
XCO0028,TFIT16240724,Colombia 10.0000%  COLTE  Jul 2024,Traded,24 Jul 2024,'5-7',119.796000,2.712329,232.641307,-0.033132,0.384888,10.462038,8.518170,26889987.000000,32942473.679397,10825.639024,9292.792845,1.264322,5.242746,4.932712,6.285245,32.887213,10.000000,19 Mar 2009,1,COL17CT02385,COP,-1.041012,-3.120825,8.759553,7.055870,-1.227895,-1.686286,2.341064,-3.071223,100.000000,-,CO,1.264322,1.264322,1.098312,
XCO0032,EI8220614,Colombia 7.5000%  COLTE  Aug 2026,Traded,26 Aug 2026,'7-10',105.772000,1.356164,123.543195,-0.172348,-0.016301,12.306200,8.849283,28400413.000000,30424841.124250,9998.288246,8582.590022,1.167696,6.745211,6.327253,6.605664,52.954501,7.500000,20 Sep 2011,1,COL17CT02625,COP,-1.178824,-3.508003,10.575292,7.382521,-1.365447,-2.079198,4.049646,-2.775472,100.000000,-,CO,1.167696,1.167696,1.161587,
XCO0037,COL17CT02914,Colombia 6.0000%  COLTE  Apr 2028,Traded,28 Apr 2028,'10+',94.511000,3.057534,126.547101,-0.054354,-0.531627,13.534759,9.558748,13804481.000000,13468829.772047,4426.160907,3799.442815,0.516930,7.767020,7.276968,6.734287,70.872680,6.000000,28 Apr 2012,1,COL17CT02914,COP,-1.062020,-4.005332,11.784916,8.082426,-1.248864,-2.583891,5.187884,-2.141775,100.000000,-,CO,0.516930,0.516930,1.197865,
XCO0038,COL17CT03342,Colombia 7.7500%  COLTE  Sep 2030,Traded,18 Sep 2030,'10+',108.402500,0.913014,127.950299,-0.145027,-0.086416,13.579195,10.707151,17081086.000000,18672276.906205,6136.130866,5267.291185,0.716636,8.704700,8.154626,6.745550,91.284737,7.750000,14 Jan 2015,1,COL17CT03342,COP,-1.151779,-3.575670,11.828667,9.215354,-1.338453,-2.147866,5.229053,-1.116018,100.000000,-,CO,0.716636,0.716636,1.240024,
XCO0039,COL17CT03490,Colombia 7.0000%  COLTE  Jun 2032,Traded,30 Jun 2032,'10+',100.037500,2.358904,104.053845,-0.069604,0.326955,,,8678750.000000,8886727.921661,2920.379007,2506.870688,0.341070,9.416818,8.802043,6.984451,109.264141,7.000000,11 Jan 2017,1,COL17CT03490,COP,-1.077116,-3.176735,,,-1.263932,-1.743025,,,100.000000,-,CO,0.341070,0.341070,,
XCO0031,XS0502258444,Colombia 7.7500% TES G April 2021,Traded,14 Apr 2021,'3-5',105.883695,4.289041,165.673483,-0.416850,-0.794930,7.960115,7.999469,2467611.032000,2718634.590158,893.404575,766.903795,0.104340,3.050132,2.883080,5.794228,11.733286,7.750000,14 Apr 2010,1,XS0502258444,CXP,-1.420861,-4.259440,6.296191,6.544158,-1.607027,-2.841762,0.023078,-3.534529,100.000000,-,CO,0.104340,0.104340,0.929096,
XCO0034,XS0833886095,Colombia 4.3750%  TES G  Mar 2023,Traded,21 Mar 2023,'5-7',93.542065,2.708904,121.083644,-0.546676,-1.022513,10.815527,11.377938,1000000.000000,962509.691096,316.302369,271.515833,0.036941,4.760910,4.500063,5.796520,26.237117,4.375000,21 Sep 2012,1,XS0833886095,CXP,-1.549379,-4.479076,9.107594,9.877101,-1.735302,-3.064649,2.668565,-0.516870,100.000000,-,CO,0.036941,0.036941,0.999583,
XCO0021,XS0306322065,Colombia 9.8500%  TES G  Jun 2027,Traded,28 Jun 2027,'7-10',125.448970,3.427260,269.063595,0.176243,0.010080,12.512563,12.457531,1924515.000000,2480242.383057,815.063525,699.655372,0.095191,6.816691,6.415957,6.245900,56.695955,9.850000,28 Jun 2007,1,XS0306322065,CXP,-0.833747,-3.482544,10.778475,10.942147,-1.021022,-2.053361,4.240838,0.447426,100.000000,-,CO,0.095191,0.095191,1.022630,
XMX0029,MX0MGO0000G1,Mexico 8.5000%  Bonos  Dec 2018,Traded,13 Dec 2018,'1-3',101.452380,3.329167,179.985702,0.040952,0.423385,4.064272,5.524197,118988.104596,124677.576345,6517.299896,5594.488945,0.761153,1.051962,1.015750,7.129995,1.565971,8.500000,12 Feb 2009,2,MX0MGO0000G1,MXN,0.231827,-4.673835,2.308584,13.639745,0.042540,-3.262293,-3.729199,2.889842,100.000000,-,MX,0.761153,0.761153,1.241390,
XMX0043,MX0MGO0000V0,Mexico 5.0000%  MBONO  Dec 2019,Traded,11 Dec 2019,'1-3',96.132745,1.958333,108.950661,0.164713,0.033746,3.488610,5.882233,132050.842402,129530.095261,6770.956744,5812.229490,0.790777,1.992207,1.925474,6.931621,4.793321,5.000000,07 Nov 2014,2,MX0MGO0000V0,MXN,0.355824,-5.043698,1.742634,14.025317,0.166303,-3.637632,-4.261749,3.238940,100.000000,-,MX,0.790777,0.790777,1.303661,
XMX0030,MX0MGO0000L1,Mexico 8.0000%  Bonos  Jun 2020,Traded,11 Jun 2020,'1-3',102.409770,3.133333,173.387386,0.161973,-0.094456,3.431245,6.118675,172559.984182,182125.162417,9520.270902,8172.257094,1.111869,2.341037,2.262062,6.982598,6.613107,8.000000,23 Feb 2010,2,MX0MGO0000L1,MXN,0.353079,-5.165393,1.686237,14.279943,0.163563,-3.761129,-4.314818,3.469480,100.000000,-,MX,1.111869,1.111869,1.324844,
XMX0035,MX0MGO0000N7,Mexico 6.5000%  MBONO  Jun 2021,Traded,10 Jun 2021,'3-5',98.280470,2.545833,161.303596,0.197780,-0.530011,2.852436,6.448268,179908.127026,181394.713876,9482.087996,8139.480661,1.107409,3.193478,3.084924,7.037716,11.840190,6.500000,03 Feb 2011,2,MX0MGO0000N7,MXN,0.388955,-5.578840,1.117193,14.634884,0.199371,-4.180698,-4.850279,3.790844,100.000000,-,MX,1.107409,1.107409,1.387857,
XMX0038,EJ0234298,Mexico 6.5000%  Bonos  Jun 2022,Traded,09 Jun 2022,'3-5',97.871020,2.545833,137.825386,0.285748,-0.761064,2.290339,7.040690,124868.658069,125389.177233,6554.497575,5626.419653,0.765497,3.951356,3.816998,7.040006,18.009517,6.500000,15 Feb 2012,2,MX0MGO0000Q0,MXN,0.477090,-5.798166,0.564579,15.272867,0.287340,-4.403272,-5.370280,4.368476,100.000000,-,MX,0.765497,0.765497,1.433017,
XMX0013,MX0MGO000003,Mexico 8.0000%    Dec 2023,Traded,07 Dec 2023,'5-7',104.614970,3.133333,148.479485,0.289233,-1.065040,1.957997,7.308769,53531.498845,57679.281755,3015.082487,2588.164717,0.352130,4.836645,4.671647,7.063808,27.699594,8.000000,30 Oct 2003,2,MX0MGO000003,MXN,0.480582,-6.086712,0.237844,15.561564,0.290825,-4.696091,-5.677733,4.629864,100.000000,-,MX,0.352130,0.352130,1.476527,
XMX0019,MX0MGO000078,Mexico 10.0000%  MBONO  Dec 2024,Traded,05 Dec 2024,'7-10',116.109280,3.916667,328.277271,0.283947,-1.280257,1.830259,7.654687,157001.647432,188442.713613,9850.509722,8455.736059,1.150437,5.222764,5.043708,7.100167,33.426227,10.000000,20 Jan 2005,2,MX0MGO000078,MXN,0.475286,-6.291006,0.112262,15.934085,0.285540,-4.903409,-5.795904,4.967146,100.000000,-,MX,1.150437,1.150437,1.511489,
XMX0044,MX0MGO0000Y4,Mexico 5.7500%  MBONO  Mar 2026,Traded,05 Mar 2026,'7-10',91.156300,0.798611,106.130579,0.407099,-1.840733,0.642308,7.919974,93306.989951,85800.359670,4485.062123,3850.003968,0.523809,6.614075,6.385478,7.159927,50.364056,5.750000,16 Oct 2015,2,MX0MGO0000Y4,MXN,0.598673,-6.823034,-1.055647,16.219775,0.408693,-5.443315,-6.894888,5.225810,100.000000,-,MX,0.523809,0.523809,1.602453,
XMX0025,MX0MGO0000D8,Mexico 7.5000%  Bonos  Jun 2027,Traded,03 Jun 2027,'7-10',101.773500,2.937500,234.156838,0.386949,-1.987050,0.863239,8.610537,81447.667364,85284.666973,4458.105198,3826.863984,0.520660,6.846425,6.607211,7.240998,57.387801,7.500000,18 Jan 2007,2,MX0MGO0000D8,MXN,0.578485,-6.961923,-0.838444,16.963447,0.388543,-5.584262,-6.690504,5.899133,100.000000,-,MX,0.520660,0.520660,1.592830,
XMX0033,MX0MGO0000H9,Mexico 8.5000%  MBONO  May 2029,Traded,31 May 2029,'10+',109.365680,3.329167,162.318344,0.401068,-2.034495,1.129265,9.372656,57343.936231,64623.661008,3378.087637,2899.770494,0.394526,7.556739,7.290724,7.297350,72.909016,8.500000,15 Jan 2009,2,MX0MGO0000H9,MXN,0.592630,-7.006960,-0.576906,17.784178,0.402662,-5.629965,-6.444400,6.642226,100.000000,-,MX,0.394526,0.394526,1.574049,
XMX0037,MX0MGO0000P2,Mexico 7.7500%  MBONO  May 2031,Traded,29 May 2031,'10+',103.327330,3.035417,155.730256,0.412094,-2.048397,0.837878,9.652421,78392.210467,83380.108225,4358.547757,3741.403285,0.509033,8.480241,8.179246,7.359971,93.488608,7.750000,09 Sep 2011,2,MX0MGO0000P2,MXN,0.603677,-7.020157,-0.863377,18.085459,0.413688,-5.643358,-6.713965,6.915008,100.000000,-,MX,0.509033,0.509033,1.629492,
XMX0042,MX0MGO0000U2,Mexico 7.7500%  MBONO  Nov 2034,Traded,23 Nov 2034,'10+',103.263730,3.035417,117.099089,0.386112,-2.248567,0.596451,10.567075,51239.070907,54466.695134,2847.150201,2444.010645,0.332518,9.593235,9.250464,7.410910,125.535288,7.750000,11 Apr 2014,2,MX0MGO0000U2,MXN,0.577646,-7.210166,-1.100730,19.070456,0.387706,-5.836181,-6.937311,7.806828,100.000000,-,MX,0.332518,0.332518,1.631638,
XMX0024,MX0MGO0000B2,Mexico 10.0000%  Bonos  Nov 2036,Traded,20 Nov 2036,'10+',125.437930,3.916667,242.822126,0.404815,-2.380421,0.060565,9.996739,48388.455546,62592.691504,3271.922296,2808.637535,0.382127,9.580520,9.234805,7.487229,131.103980,10.000000,26 Oct 2006,2,MX0MGO0000B2,MXN,0.596385,-7.335328,-1.627575,18.456257,0.406409,-5.963196,-7.433064,7.250729,100.000000,-,MX,0.382127,0.382127,1.612578,
XMX0034,MX0MGO0000J5,Mexico 8.5000%  MBONO  Nov 2038,Traded,18 Nov 2038,'10+',110.482380,3.329167,158.926242,0.533509,-2.599158,-0.346459,10.806123,53349.353475,60717.724327,3173.911701,2724.504658,0.370680,10.334177,9.960366,7.505963,154.404341,8.500000,29 Jan 2009,2,MX0MGO0000J5,MXN,0.725324,-7.542963,-2.027732,19.327889,0.535105,-6.173905,-7.809605,8.039908,100.000000,-,MX,0.370680,0.370680,1.675546,
XMX0040,MX0MGO0000R8,Mexico 7.7500%  MBONO  Nov 2042,Traded,13 Nov 2042,'10+',102.257030,3.035417,126.687051,0.455781,-3.152042,-1.507795,9.569845,114674.796245,120743.898676,6311.673850,5417.978326,0.737138,11.223699,10.815531,7.547820,189.430392,7.750000,20 Apr 2012,2,MX0MGO0000R8,MXN,0.647448,-8.067784,-3.169476,17.996532,0.457376,-6.706497,-8.883969,6.834493,100.000000,-,MX,0.737138,0.737138,1.751371,
XMX0045,MX0MGO000102,Mexico 8.0000%  MBONO  Nov 2047,Traded,07 Nov 2047,'10+',105.101950,3.133333,105.091151,0.522374,-3.309758,,,28790.143709,31161.093615,1628.891082,1398.249780,0.190238,11.795413,11.365358,7.567821,219.834474,8.000000,10 Mar 2017,2,MX0MGO000102,MXN,0.714168,-8.217495,,,0.523970,-6.858425,,,100.000000,-,MX,0.190238,0.190238,,
XPE0004,PEP01000CY33,Peru 7.84% 15 Y Aug 2020,Traded,12 Aug 2020,'1-3',110.660700,1.807556,215.969142,-0.031663,-0.014481,7.177685,7.801501,4401.000000,4949.727927,1524.071782,1308.272271,0.177996,2.523692,2.477337,3.742311,7.741965,7.840000,18 Jul 2005,2,PEP01000CY33,PEN,0.069915,0.564306,10.883708,11.291764,-0.119066,2.053413,4.339861,0.763971,100.000000,-,PE,0.177996,0.177996,0.345611,
XPE0009,PEP01000C4W4,Peru 5.7000%  PERUG  Aug 2024,Traded,12 Aug 2024,'5-7',106.209100,1.314167,123.991908,-0.073666,0.226260,9.264028,12.331944,9456.000000,10167.400096,3130.646333,2687.365409,0.365627,5.687450,5.559254,4.611997,37.285855,5.700000,07 Nov 2014,2,PEP01000C4W4,PEN,0.027869,0.806441,13.042195,15.968888,-0.161033,2.299133,6.370963,4.998657,100.000000,-,PE,0.365627,0.365627,0.432639,
XPE0005,PEP01000C0J9,Peru 8.2% 20 Y Aug 2026,Traded,12 Aug 2026,'7-10',121.643400,1.890556,236.603997,-0.057702,-1.043832,9.770712,14.194817,10840.999000,13392.314886,4123.630534,3539.748946,0.481597,6.576346,6.412851,5.099003,52.282121,8.200000,03 May 2006,2,PEP01000C0J9,PEN,0.043850,-0.471003,13.566399,17.892075,-0.145082,1.002773,6.864231,6.739917,100.000000,-,PE,0.481597,0.481597,0.518319,
XPE0010,PEP01000C5D1,Peru 6.3500%  PERUG  Aug 2028,Traded,12 Aug 2028,'10+',107.901750,1.464028,110.717298,0.146915,-0.046651,10.565421,14.969026,12872.000000,14077.562916,4334.625401,3720.868193,0.506239,7.984408,7.775792,5.365788,76.688286,6.350000,07 Oct 2016,2,PEP01000C5D1,PEN,0.248675,0.531950,14.388587,18.691350,0.059356,2.020577,7.637898,7.463583,100.000000,-,PE,0.506239,0.506239,0.577523,
XPE0007,PEP01000C4G7,Peru 6.9500%    Aug 2031,Traded,12 Aug 2031,'10+',112.070950,1.602361,183.479083,-0.075549,-0.075974,9.393029,15.638287,12088.000000,13740.829847,4230.941850,3631.865617,0.494130,9.242490,8.987807,5.667300,107.377976,6.950000,24 Apr 2008,2,PEP01000C4G7,PEN,0.025984,0.502457,13.175656,19.382279,-0.162914,1.990648,6.496548,8.089153,100.000000,-,PE,0.494130,0.494130,0.602893,
XPE0011,PEP01000C5E9,Peru 6.1500%  PERUG  Aug 2032,Traded,12 Aug 2032,'10+',104.143150,1.793750,102.887103,-0.362639,-0.558814,,,10000.000000,10593.690000,3261.905348,2800.038927,0.380957,9.863523,9.589157,5.722422,122.610733,6.150000,21 Jul 2017,2,PEP01000C5E9,PEN,-0.261397,0.016823,,,-0.449753,1.497822,,,100.000000,-,PE,0.380957,0.380957,,
XPE0006,PEP01000C2Z1,Peru 6.9% 30Y Aug 2037,Traded,12 Aug 2037,'10+',109.544250,1.590833,213.569697,-0.146483,-0.790952,7.890942,15.512178,8295.000000,9218.655162,2838.518078,2436.600780,0.331509,11.317916,10.985180,6.057916,172.923587,6.900000,26 Jul 2007,2,PEP01000C2Z1,PEN,-0.045022,-0.216659,11.621630,19.252088,-0.233786,1.260883,5.034233,7.971277,100.000000,-,PE,0.331509,0.331509,0.579038,
XUG0001,USP96006AE41,Uruguay Global 9.8750% URUGUA Jun 2022,Traded,20 Jun 2022,'3-5',106.331145,3.730556,106.253544,0.072204,-1.380815,,,35271.246000,38820.133155,1330.367826,1141.995644,0.155373,3.719440,3.572992,8.197532,16.445022,9.875000,20 Jun 2017,2,USP96006AE41,UGU,0.175088,-1.374056,,,-0.014092,0.086348,,,100.000000,-,UY,0.155373,0.155373,,
XUG0002,USP80557BV53,Uruguay Global 8.5000%  URUGU  Mar 2028,Traded,15 Mar 2028,'10+',100.333100,1.204167,97.813648,-0.220679,-3.138787,,,31603.000000,32088.822385,1099.685483,943.976551,0.128432,7.011382,6.727289,8.445966,60.597165,8.500000,15 Sep 2017,2,USP80557BV53,UGU,-0.118095,-3.132148,,,-0.306722,-1.697777,,,100.000000,-,UY,0.128432,0.128432,,
XZA0032,R204000,South Africa 8.00% GILTS Dec 2018,Traded,21 Dec 2018,'1-3',100.665925,2.958904,275.777060,-0.011436,0.128730,8.290996,7.255870,33612.816961,34831.224134,2463.093725,2114.334284,0.287664,1.074744,1.036633,7.352831,1.615703,8.000000,13 Aug 2004,2,ZAG000021841,ZAR,-0.815729,-4.394013,3.246415,3.719545,-1.003037,-2.978327,-2.846715,-6.091944,100.000000,-,ZA,0.287664,0.287664,1.520227,
XZA0035,R207000,South Africa 7.2500%  RSA  Jan 2020,Traded,15 Jan 2020,'1-3',98.883550,2.204795,257.276555,-0.096483,-0.463636,8.400980,7.446506,43505.728514,43979.220727,3109.995278,2669.638421,0.363215,2.029772,1.953683,7.789306,4.969642,7.250000,24 Jun 2005,2,ZAG000024738,ZAR,-0.900091,-4.959621,3.351274,3.903896,-1.087240,-3.552310,-2.748043,-5.925032,100.000000,-,ZA,0.363215,0.363215,1.598848,
XZA0041,R208000,South Africa 6.7500%  RSA  Mar 2021,Traded,31 Mar 2021,'3-5',96.198885,0.628767,255.903945,-0.126170,-1.031858,8.449012,7.548555,40994.294944,39693.813299,2806.952235,2409.504473,0.327823,3.073563,2.954780,8.040056,10.725681,6.750000,01 Sep 2006,2,ZAG000030396,ZAR,-0.929540,-5.502177,3.397069,4.002580,-1.116633,-4.102900,-2.704951,-5.835683,100.000000,-,ZA,0.327823,0.327823,1.662941,
XZA0046,ZAG000096165,South Africa 7.7500%  SAGB  Feb 2023,Traded,28 Feb 2023,'5-7',97.269295,1.358904,132.191151,-0.187881,-1.480107,8.344332,8.029616,56879.541119,56099.267067,3967.065646,3405.352716,0.463312,4.386927,4.210224,8.393997,22.053428,7.750000,22 Jun 2012,2,ZAG000096165,ZAR,-0.990754,-5.930179,3.297266,4.467781,-1.177732,-4.537240,-2.798865,-5.414488,100.000000,-,ZA,0.463312,0.463312,1.754152,
XZA0027,R186000,ZA 10.50%  RSA   Dec 2026,Traded,21 Dec 2026,'7-10',108.557370,3.883562,613.940474,-0.148145,-2.434587,6.476426,6.235121,151342.882095,170171.346604,12033.684901,10329.786601,1.405409,6.011813,5.750500,9.088358,45.636711,10.500000,22 May 1998,2,ZAG000016320,ZAR,-0.951338,-6.841546,1.516373,2.732451,-1.138390,-5.462102,-4.474657,-6.985662,100.000000,-,ZA,1.405409,1.405409,1.897187,
XZA0048,ZAG000106998,South Africa 8.0000%  SAGB  Jan 2030,Traded,31 Jan 2030,'10+',88.548740,2.082192,120.958582,-0.118915,-2.868533,5.377039,5.622503,80225.685350,72709.286160,5141.644915,4413.618538,0.600491,7.572490,7.225764,9.596948,73.550676,8.000000,04 Oct 2013,2,ZAG000106998,ZAR,-0.922343,-7.255891,0.468200,2.140032,-1.109450,-5.882582,-5.460972,-7.522040,100.000000,-,ZA,0.600491,0.600491,1.980349,
XZA0044,ZAG000077470,South Africa 7.0000%  SAGB  Feb 203,Traded,28 Feb 2031,'10+',80.067815,1.227397,178.072457,-0.129853,-3.212899,4.453522,4.813500,80299.364731,65279.539002,4616.249554,3962.616038,0.539130,8.180965,7.802923,9.689750,85.762027,7.000000,28 May 2010,2,ZAG000077470,ZAR,-0.933193,-7.584702,-0.412297,1.357703,-1.120280,-6.216262,-6.289506,-8.230364,100.000000,-,ZA,0.539130,0.539130,2.023384,
XZA0049,ZAG000107004,South Africa 8.2500%  SAGB  Mar 2032,Traded,31 Mar 2032,'10+',88.121725,0.768493,112.558801,-0.130549,-2.920824,4.349734,5.121909,63221.629988,56197.844815,3974.036582,3411.336608,0.464126,8.232527,7.848074,9.797383,89.405224,8.250000,19 Jul 2013,2,ZAG000107004,ZAR,-0.933884,-7.305820,-0.511250,1.655943,-1.120969,-5.933251,-6.382619,-7.960336,100.000000,-,ZA,0.464126,0.464126,2.020774,
XZA0052,ZAG000125972,South Africa 8.8750%  SAGB  Feb 2035,Traded,28 Feb 2035,'10+',91.193665,1.556164,114.270617,-0.178893,-2.762777,3.749236,4.698441,47841.824990,44373.211052,3137.856346,2693.554527,0.366469,8.643009,8.233633,9.944004,104.969005,8.875000,17 Jul 2015,2,ZAG000125972,ZAR,-0.981838,-7.154912,-1.083775,1.246437,-1.168833,-5.780108,-6.921356,-8.331105,100.000000,-,ZA,0.366469,0.366469,2.038469,
XZA0042,R209000,South Africa 6.2500%  RSA  Mar 2036,Traded,31 Mar 2036,'10+',69.347845,0.582192,232.512597,-0.110619,-3.112449,3.100583,4.305024,74043.244765,51778.468298,3661.519901,3143.070433,0.427627,9.604438,9.151775,9.892352,127.375266,6.250000,21 Jul 2006,2,ZAG000030404,ZAR,-0.914114,-7.488789,-1.702211,0.865991,-1.101237,-6.118929,-7.503295,-8.675562,100.000000,-,ZA,0.427627,0.427627,2.104952,
XZA0050,ZAG000107012,South Africa 8.5000%  SAGB  Jan 2037,Traded,31 Jan 2037,'10+',87.098210,2.212329,110.840157,-0.058584,-2.510538,3.554857,4.613600,78908.399637,70473.516848,4983.542250,4277.902271,0.582026,8.949455,8.522851,10.010813,116.536375,8.500000,19 Jul 2013,2,ZAG000107012,ZAR,-0.862497,-6.914066,-1.269099,1.164394,-1.049718,-5.535696,-7.095743,-8.405387,100.000000,-,ZA,0.582026,0.582026,2.060289,
XZA0053,ZAG000125980,South Africa 9.0000%  SAGB  Jan 2040,Traded,31 Jan 2040,'10+',90.157930,2.342466,105.524899,-0.060571,-2.329215,3.055596,3.664157,37899.605114,35057.284719,2479.079623,2128.056675,0.289531,9.186051,8.744144,10.107498,128.500399,9.000000,11 Sep 2015,2,ZAG000125980,ZAR,-0.864468,-6.740934,-1.745102,0.246254,-1.051685,-5.360000,-7.543655,-9.236674,100.000000,-,ZA,0.289531,0.289531,2.072778,
XZA0045,ZAG000077488,South Africa 6.5000%  SAGB  Feb 2041,Traded,28 Feb 2041,'10+',68.420690,1.139726,169.342073,-0.020477,-2.783529,2.520566,3.455059,68685.581403,47777.976175,3378.624674,2900.231490,0.394588,9.983643,9.507402,10.018311,150.561266,6.500000,04 Jun 2010,2,ZAG000077488,ZAR,-0.824697,-7.174727,-2.255208,0.044051,-1.011988,-5.800216,-8.023657,-9.419750,100.000000,-,ZA,0.394588,0.394588,2.127074,
XZA0051,ZAG000106972,South Africa 8.7500%  SAGB  Jan 2044,Traded,31 Jan 2044,'10+',87.350420,2.277397,117.530502,-0.018615,-2.549351,2.787594,3.391151,73155.810868,65567.956480,4636.645026,3980.123633,0.541512,9.560520,9.099948,10.122532,145.696746,8.750000,18 Jul 2014,2,ZAG000106972,ZAR,-0.822850,-6.951126,-2.000620,-0.017751,-1.010145,-5.573304,-7.784093,-9.475705,100.000000,-,ZA,0.541512,0.541512,2.097032,
XZA0047,ZAG000096173,South Africa 8.7500%  SAGB  Feb 2048,Traded,28 Feb 2048,'10+',87.462700,1.534247,129.005305,0.027169,-2.564222,2.591657,3.453970,118392.169272,105365.415636,7450.926590,6395.919644,0.870191,9.698883,9.228594,10.191989,156.408039,8.750000,29 Jun 2012,2,ZAG000096173,ZAR,-0.777434,-6.965325,-2.187430,0.042997,-0.964815,-5.587714,-7.959878,-9.420703,100.000000,-,ZA,0.870191,0.870191,2.119132,



Disclaimer:
http://www.jpmorgan.com/pages/jpmorgan/ib/girg

